file_off	va	string
0x30	0x3F400030	esp-idf: v4.4.5 ac5d805d0e
0x50	0x3F400050	arduino-lib-builder
0x80	0x3F400080	Jun 12 2023
0x90	0x3F400090	v4.4.5
0x2C4	0x3F4002C4	Hardware Serial Peripheral Interface started !!! HSPI nRF24 module initialized SUCCESSFULLY! ############################################################
0x44A	0x3F40044A	!!! Hardware Serial Peripheral Interface start failure! HSPI nRF24 module could NOT be initialized! #####################################################
0x608	0x3F400608	Variable Serial Peripheral Interface started !!! VSPI nRF24 module initialized SUCCESSFULLY! ############################################################
0x793	0x3F400793	!!! Variable Serial Peripheral Interface start failure! VSPI nRF24 module could NOT be initialized! #####################################################
0x82D	0x3F40082D	bitmapboot
0xE16	0x3F400E16	                                          Firmware : Combo-Channel-Select (BT-BLE-WiFi-RC)                                          
0x14C9	0x3F4014C9	                                                    !Educational purposes only!                                                     
0x154E	0x3F40154E	                                         https://github.com/EmenstaNougat/ESP32-BlueJammer                                          
0x15D3	0x3F4015D3	                                               I'm not responsible for your actions!                                                
0x1658	0x3F401658	RadioTask
0x1662	0x3F401662	State 1: Bluetooth
0x1675	0x3F401675	bitmap1
0x167D	0x3F40167D	State 2: Bluetooth Low Energy
0x169B	0x3F40169B	bitmap2
0x16A3	0x3F4016A3	State 3: WiFi
0x16B1	0x3F4016B1	bitmap3
0x16B9	0x3F4016B9	State 4: RC
0x16C5	0x3F4016C5	bitmap4
0x16CD	0x3F4016CD	State 0: Idle & Status
0x16F0	0x3F4016F0	Connected
0x16FA	0x3F4016FA	SSD1306 allocation failed
0x1714	0x3F401714	by @emensta
0x24C6	0x3F4024C6	;spgfw33
0x24D6	0x3F4024D6	;spgfw33
0x24E6	0x3F4024E6	;s3gfw33
0x2645	0x3F402645	cngs1
0x2655	0x3F402655	cngs3
0x27B0	0x3F4027B0	esp32-
0x27B7	0x3F4027B7	%s%02X%02X%02X
0x27C6	0x3F4027C6	arduino_events
0x292C	0x3F40292C	db6IV P
0x296A	0x3F40296A	rIIIF!AIM3
0x2979	0x3F402979	'EEE9<JII1A!
0x2988	0x3F402988	6III6FII)
0x29BB	0x3F4029BB	III6>AAA"
0x29D3	0x3F4029D3	>AAQs
0x2A0D	0x3F402A0D	)F&III2
0x2A32	0x3F402A32	aYIMC
0x2A55	0x3F402A55	 TTx@
0x2A5B	0x3F402A5B	(DD88DDD(8DD(
0x2A9A	0x3F402A9A	x8DDD8
0x2AAF	0x3F402AAF	HTTT$
0x2AD1	0x3F402AD1	|DdTLD
0x2AF5	0x3F402AF5	:@@ z8TTUY!UUyA"TTxB!UTx@ TUy@
0x2B18	0x3F402B18	9UUUY9TTTY9UTTX
0x2B4E	0x3F402B4E	I2III2:DDD:2JHH0:AA!z:B@ x
0x2B90	0x3F402B90	 TTyA
0x2B97	0x3F402B97	D}A0HHJ28@@"z
0x2CD0	0x3F402CD0	8DD8D
0x2CD6	0x3F402CD6	JJJ4~
0x2CE4	0x3F402CE4	cUIAc8DD<
0x2D05	0x3F402D05	rL0JMM00HxH0
0x2D12	0x3F402D12	bZF=>III
0x2D1F	0x3F402D1F	~*****DD_DD@QJD@@DJQ@
0x3297	0x3F403297	uart_event_task
0x32F6	0x3F4032F6	"(Cannot use REG_SET_FIELD for DPORT registers use DPORT_REG_SET_FIELD)" && (!((((pin_name)) >= 0x3ff00000) && ((pin_name)) <= 0x3ff13FFC))
0x3407	0x3F403407	uart_intr_config(uart->num, &uart_intr)
0x3498	0x3F403498	uart_flush_input(uart->num)
0x34B4	0x3F4034B4	uart_driver_install(uart_nr, rx_buffer_size, tx_buffer_size, 20, &(uart->uart_event_queue), 0)
0x3513	0x3F403513	uart_param_config(uart_nr, &uart_config)
0x353C	0x3F40353C	uart_set_pin(uart_nr, txPin, rxPin, UART_PIN_NO_CHANGE, UART_PIN_NO_CHANGE)
0x3588	0x3F403588	uart_set_line_inverse(uart_nr, UART_SIGNAL_TXD_INV | UART_SIGNAL_RXD_INV)
0x3618	0x3F403618	uartFlushTxOnly
0x3628	0x3F403628	uartBegin
0x3632	0x3F403632	gpio_ll_iomux_func_sel
0x3649	0x3F403649	loopTask
0x3652	0x3F403652	(pxRingbuffer->xItemsWaiting > 0) && ((pxRingbuffer->pucRead != pxRingbuffer->pucWrite) || (pxRingbuffer->uxRingbufferFlags & ( ( UBaseType_t ) 4 )))
0x370E	0x3F40370E	pxRingbuffer->pucRead >= pxRingbuffer->pucHead && pxRingbuffer->pucRead < pxRingbuffer->pucTail
0x376E	0x3F40376E	pxRingbuffer->pucRead == pxRingbuffer->pucFree
0x379D	0x3F40379D	( ( ( UBaseType_t ) ( pucItem ) & (0x03) ) == 0 )
0x37CF	0x3F4037CF	pucItem <= pxRingbuffer->pucTail
0x37F0	0x3F4037F0	pxCurHeader->xItemLen <= pxRingbuffer->xMaxItemSize
0x3824	0x3F403824	(pxCurHeader->uxItemFlags & ( ( UBaseType_t ) 2 )) == 0
0x385C	0x3F40385C	(pxCurHeader->uxItemFlags & ( ( UBaseType_t ) 1 )) == 0
0x3894	0x3F403894	pxRingbuffer->pucFree <= pxRingbuffer->pucHead + pxRingbuffer->xSize
0x38D9	0x3F4038D9	pxIsSplit != ((void *)0)
0x38F2	0x3F4038F2	( ( ( UBaseType_t ) ( pxRingbuffer->pucRead ) & (0x03) ) == 0 )
0x3932	0x3F403932	(pxHeader->xItemLen <= pxRingbuffer->xMaxItemSize) || (pxHeader->uxItemFlags & ( ( UBaseType_t ) 2 ))
0x3998	0x3F403998	pxHeader->xItemLen <= pxRingbuffer->xMaxItemSize
0x39C9	0x3F4039C9	pcReturn >= pxRingbuffer->pucHead && pcReturn <= pxRingbuffer->pucTail
0x3A10	0x3F403A10	pcReturn >= pxRingbuffer->pucHead && pcReturn < pxRingbuffer->pucTail
0x3A56	0x3F403A56	( ( ( UBaseType_t ) ( pxRingbuffer->pucAcquire ) & (0x03) ) == 0 )
0x3A99	0x3F403A99	pxRingbuffer->pucAcquire >= pxRingbuffer->pucHead && pxRingbuffer->pucAcquire < pxRingbuffer->pucTail
0x3AFF	0x3F403AFF	xRemLen >= sizeof(ItemHeader_t)
0x3B1F	0x3F403B1F	(pxCurHeader->uxItemFlags & ( ( UBaseType_t ) 8 )) == 0
0x3B57	0x3F403B57	pxRingbuffer->pucWrite <= pxRingbuffer->pucHead + pxRingbuffer->xSize
0x3B9D	0x3F403B9D	*pvItem2 < *pvItem1
0x3BB1	0x3F403BB1	xIsSplit == ( ( BaseType_t ) 0 )
0x3BD2	0x3F403BD2	(uint8_t *)pucItem >= pxRingbuffer->pucHead
0x3BFE	0x3F403BFE	(uint8_t *)pucItem < pxRingbuffer->pucTail
0x3C29	0x3F403C29	xReturn <= pxRingbuffer->xSize
0x3C48	0x3F403C48	xBufferSize > 0
0x3C58	0x3F403C58	xBufferType < RINGBUF_TYPE_MAX
0x3C77	0x3F403C77	pxRingbuffer
0x3C84	0x3F403C84	ppvItem != ((void *)0) || xItemSize == 0
0x3CAD	0x3F403CAD	(pxRingbuffer->uxRingbufferFlags & (( ( UBaseType_t ) 2 ) | ( ( UBaseType_t ) 1 ))) == 0
0x3D06	0x3F403D06	pvItem != ((void *)0)
0x3D1C	0x3F403D1C	pxRingbuffer->uxRingbufferFlags & ( ( UBaseType_t ) 2 )
0x3D54	0x3F403D54	xRingbufferGetMaxItemSize
0x3D6E	0x3F403D6E	vRingbufferDelete
0x3D80	0x3F403D80	vRingbufferReturnItemFromISR
0x3D9D	0x3F403D9D	vRingbufferReturnItem
0x3DB3	0x3F403DB3	xRingbufferReceiveUpToFromISR
0x3DD1	0x3F403DD1	prvReceiveGenericFromISR
0x3DEA	0x3F403DEA	xRingbufferReceiveFromISR
0x3E04	0x3F403E04	prvReceiveGeneric
0x3E16	0x3F403E16	xRingbufferReceive
0x3E29	0x3F403E29	xRingbufferSendFromISR
0x3E40	0x3F403E40	xRingbufferSend
0x3E50	0x3F403E50	prvGetFreeSize
0x3E5F	0x3F403E5F	prvCheckItemFitsDefault
0x3E77	0x3F403E77	prvSendItemDoneNoSplit
0x3E8E	0x3F403E8E	prvAcquireItemNoSplit
0x3EA4	0x3F403EA4	prvGetItemDefault
0x3EB6	0x3F403EB6	prvReturnItemDefault
0x3ECB	0x3F403ECB	prvCopyItemAllowSplit
0x3EE1	0x3F403EE1	prvCheckItemFitsByteBuffer
0x3EFC	0x3F403EFC	prvCopyItemByteBuf
0x3F0F	0x3F403F0F	prvGetItemByteBuf
0x3F21	0x3F403F21	prvReturnItemByteBuf
0x3F36	0x3F403F36	xRingbufferCreate
0x3F64	0x3F403F64	GPIO number error
0x3F76	0x3F403F76	"(Cannot use REG_WRITE for DPORT registers use DPORT_REG_WRITE)" && (!(((((0x3ff44000 + 0x0530) + (gpio_num * 4))) >= 0x3ff00000) && (((0x3ff44000 + 0x0530) + (gpio_num * 4))) <= 0x3ff13FFC))
0x4066	0x3F404066	"(Cannot use SET_PERI_REG_MASK for DPORT registers use DPORT_SET_PERI_REG_MASK)" && (!((((GPIO_PIN_MUX_REG[gpio_num])) >= 0x3ff00000) && ((GPIO_PIN_MUX_REG[gpio_num])) <= 0x3ff13FFC))
0x411E	0x3F40411E	GPIO output gpio_num error
0x4139	0x3F404139	"(Cannot use REG_SET_BIT for DPORT registers use DPORT_REG_SET_BIT)" && (!((((GPIO_PIN_MUX_REG[gpio_num])) >= 0x3ff00000) && ((GPIO_PIN_MUX_REG[gpio_num])) <= 0x3ff13FFC))
0x41E5	0x3F4041E5	GPIO interrupt type error
0x41FF	0x3F4041FF	GPIO pull mode error
0x428D	0x3F40428D	io_reg != (intptr_t)NULL
0x42C4	0x3F4042C4	"(Cannot use SET_PERI_REG_MASK for DPORT registers use DPORT_SET_PERI_REG_MASK)" && (!((((GPIO_PIN_MUX_REG[gpio])) >= 0x3ff00000) && ((GPIO_PIN_MUX_REG[gpio])) <= 0x3ff13FFC))
0x4374	0x3F404374	gpio_ll_iomux_in
0x4385	0x3F404385	gpio_ll_iomux_func_sel
0x439C	0x3F40439C	gpio_config
0x43A8	0x3F4043A8	gpio_od_disable
0x43B8	0x3F4043B8	gpio_od_enable
0x43C7	0x3F4043C7	gpio_ll_output_disable
0x43DE	0x3F4043DE	gpio_output_disable
0x43F2	0x3F4043F2	gpio_output_enable
0x4405	0x3F404405	gpio_input_disable
0x4418	0x3F404418	gpio_ll_input_enable
0x442D	0x3F40442D	gpio_input_enable
0x443F	0x3F40443F	gpio_set_direction
0x4452	0x3F404452	gpio_set_pull_mode
0x4465	0x3F404465	gpio_set_level
0x4474	0x3F404474	gpio_intr_disable
0x4486	0x3F404486	gpio_intr_enable_on_core
0x449F	0x3F40449F	gpio_intr_enable
0x44B0	0x3F4044B0	gpio_set_intr_type
0x44C3	0x3F4044C3	gpio_pulldown_dis
0x44D5	0x3F4044D5	gpio_ll_pulldown_en
0x44E9	0x3F4044E9	gpio_pulldown_en
0x44FA	0x3F4044FA	gpio_pullup_dis
0x450A	0x3F40450A	gpio_ll_pullup_en
0x451C	0x3F40451C	gpio_pullup_en
0x452B	0x3F40452B	HPTaskAwoken != NULL
0x45DC	0x3F4045DC	cmd_desc != NULL
0x45ED	0x3F4045ED	cmd_desc->cur != NULL
0x496D	0x3F40496D	i2c_master_cmd_begin
0x4982	0x3F404982	i2c_master_write_byte
0x4998	0x3F404998	i2c_master_write
0x49A9	0x3F4049A9	i2c_master_stop
0x49B9	0x3F4049B9	i2c_cmd_link_append
0x49CD	0x3F4049CD	i2c_master_start
0x49DE	0x3F4049DE	gpio_ll_iomux_func_sel
0x49F5	0x3F4049F5	i2c_set_pin
0x4A01	0x3F404A01	i2c_isr_register
0x4A12	0x3F404A12	i2c_set_timeout
0x4A22	0x3F404A22	i2c_param_config
0x4A33	0x3F404A33	i2c_reset_rx_fifo
0x4A45	0x3F404A45	i2c_reset_tx_fifo
0x4A57	0x3F404A57	i2c_driver_delete
0x4A69	0x3F404A69	i2c_master_cmd_begin_static
0x4A85	0x3F404A85	i2c_driver_install
0x4A98	0x3F404A98	periph < PERIPH_MODULE_MAX
0x4AD8	0x3F404AD8	periph_module_reset
0x4AEC	0x3F404AEC	periph_module_disable
0x4B02	0x3F404B02	periph_module_enable
0x4B17	0x3F404B17	RTCIO
0x4B44	0x3F404B44	"(Cannot use SET_PERI_REG_MASK for DPORT registers use DPORT_SET_PERI_REG_MASK)" && (!((((rtc_io_desc[rtcio_num].reg)) >= 0x3ff00000) && ((rtc_io_desc[rtcio_num].reg)) <= 0x3ff13FFC))
0x4C2E	0x3F404C2E	"(Cannot use CLEAR_PERI_REG_MASK for DPORT registers use DPORT_CLEAR_PERI_REG_MASK)" && (!((((rtc_io_desc[rtcio_num].reg)) >= 0x3ff00000) && ((rtc_io_desc[rtcio_num].reg)) <= 0x3ff13FFC))
0x4CEA	0x3F404CEA	rtcio_ll_pulldown_disable
0x4D04	0x3F404D04	rtc_gpio_pulldown_dis
0x4D1A	0x3F404D1A	rtcio_ll_pulldown_enable
0x4D33	0x3F404D33	rtc_gpio_pulldown_en
0x4D48	0x3F404D48	rtcio_ll_pullup_disable
0x4D60	0x3F404D60	rtc_gpio_pullup_dis
0x4D74	0x3F404D74	rtcio_ll_pullup_enable
0x4D8B	0x3F404D8B	rtc_gpio_pullup_en
0x4D9E	0x3F404D9E	rtc_gpio_deinit
0x4DAE	0x3F404DAE	rtcio_ll_function_select
0x4F8A	0x3F404F8A	!(is_rs485_mode && disabled && uart_hal_get_intraw_mask(&(uart_context[uart_num].hal)) & UART_INTR_TX_DONE)
0x5238	0x3F405238	uart_set_rx_timeout
0x524C	0x3F40524C	uart_set_rx_full_threshold
0x5267	0x3F405267	uart_driver_delete
0x527A	0x3F40527A	uart_driver_install
0x528E	0x3F40528E	uart_flush_input
0x529F	0x3F40529F	uart_get_tx_buffer_free_size
0x52BC	0x3F4052BC	uart_get_buffered_data_len
0x52D7	0x3F4052D7	uart_reenable_intr_mask
0x52EF	0x3F4052EF	uart_read_bytes
0x52FF	0x3F4052FF	uart_write_bytes
0x5310	0x3F405310	uart_wait_tx_done
0x5322	0x3F405322	uart_wait_tx_done
0x5334	0x3F405334	uart_intr_config
0x5345	0x3F405345	uart_param_config
0x5357	0x3F405357	gpio_ll_iomux_func_sel
0x536E	0x3F40536E	uart_set_pin
0x537B	0x3F40537B	uart_isr_register
0x538D	0x3F40538D	uart_enable_tx_intr
0x53A1	0x3F4053A1	uart_pattern_queue_reset
0x53BA	0x3F4053BA	uart_disable_intr_mask
0x53D1	0x3F4053D1	uart_set_line_inverse
0x53E7	0x3F4053E7	uart_get_baudrate
0x53F9	0x3F4053F9	uart_set_baudrate
0x540B	0x3F40540B	uart_get_parity
0x541B	0x3F40541B	uart_set_parity
0x542B	0x3F40542B	uart_get_stop_bits
0x543E	0x3F40543E	uart_set_stop_bits
0x5451	0x3F405451	uart_get_word_length
0x5466	0x3F405466	uart_set_word_length
0x547B	0x3F40547B	esp_ota_ops
0x54CF	0x3F4054CF	phys_offs != SPI_FLASH_CACHE2PHYS_FAIL
0x551F	0x3F40551F	it != NULL
0x552A	0x3F40552A	ota_app_count < 16 && "must erase the partition before writing to it"
0x55E5	0x3F4055E5	esp_ota_get_running_partition
0x5603	0x3F405603	esp_ota_get_app_partition_count
0x5623	0x3F405623	boot_comm
0x56E5	0x3F4056E5	bootloader_mmap
0x5748	0x3F405748	mosi_len <= 32
0x5791	0x3F405791	miso_len <= 32
0x57A0	0x3F4057A0	miso_byte_num <= 4
0x57B3	0x3F4057B3	bootloader_flash_execute_command_common
0x57DB	0x3F4057DB	esp_image
0x5A0D	0x3F405A0D	Calculated hash
0x5A4E	0x3F405A4E	Expected hash
0x5A5C	0x3F405A5C	handle != NULL
0x5AA7	0x3F405AA7	ret == 0
0x5AB0	0x3F405AB0	bootloader_sha256_finish
0x5AC9	0x3F405AC9	bootloader_sha256_data
0x5AE0	0x3F405AE0	partition
0x5B8F	0x3F405B8F	iterator != NULL
0x5BA0	0x3F405BA0	partition != NULL
0x5BB2	0x3F405BB2	esp_partition_mmap
0x5BC5	0x3F405BC5	esp_partition_erase_range
0x5BDF	0x3F405BDF	esp_partition_write_raw
0x5BF7	0x3F405BF7	esp_partition_read_raw
0x5C0E	0x3F405C0E	esp_partition_write
0x5C22	0x3F405C22	esp_partition_read
0x5C35	0x3F405C35	esp_partition_get
0x5C47	0x3F405C47	esp_partition_next
0x5C5A	0x3F405C5A	s_mmap_page_refcnt[i] == 0 || (entry_pro == SOC_MMU_PAGE_IN_FLASH(pages[pageno]) && entry_app == SOC_MMU_PAGE_IN_FLASH(pages[pageno]) )
0x5D09	0x3F405D09	s_mmap_page_refcnt[i] > 0
0x5D23	0x3F405D23	0 && "invalid handle, or handle already unmapped"
0x5D55	0x3F405D55	spi_flash_munmap
0x5D66	0x3F405D66	spi_flash_mmap_pages
0x5DD1	0x3F405DD1	len_remain < len
0x5E0C	0x3F405E0C	len_remain < length
0x5EA3	0x3F405EA3	bus_acquired
0x5EB0	0x3F405EB0	esp_flash_write_encrypted
0x5ECA	0x3F405ECA	esp_flash_write
0x5EDA	0x3F405EDA	esp_flash_erase_region
0x5EF1	0x3F405EF1	spi_flash
0x5F5F	0x3F405F5F	spi_flash
0x5F69	0x3F405F69	chip_status == 0
0x5FAC	0x3F405FAC	spi1_flash_os_check_yield
0x5FC6	0x3F405FC6	s_flash_op_mutex != NULL
0x6007	0x3F406007	esp_task_stack_is_sane_cache_disabled()
0x602F	0x3F40602F	s_flash_op_cpu == -1
0x6044	0x3F406044	other_cpuid == 1
0x6055	0x3F406055	esp_ipc_call(other_cpuid, &spi_flash_op_block_func, (void *) other_cpuid)
0x609F	0x3F40609F	xPortGetCoreID() == cpuid
0x60B9	0x3F4060B9	cpuid == s_flash_op_cpu
0x60D1	0x3F4060D1	!(xTaskGetSchedulerState() == taskSCHEDULER_NOT_STARTED && cpuid != 0)
0x6118	0x3F406118	spi_flash_enable_interrupts_caches_and_other_cpu
0x6149	0x3F406149	spi_flash_disable_interrupts_caches_and_other_cpu
0x617B	0x3F40617B	spi_flash_init_lock
0x6193	0x3F406193	findItem(nsIndex, datatype, key, findPage, item)
0x61F1	0x3F4061F1	esp_err_t nvs::Storage::writeItem(uint8_t, nvs::ItemType, const char*, const void*, size_t)
0x62CB	0x3F4062CB	@mPageList.back().getSeqNumber(lastSeqNo)
0x6326	0x3F406326	esp_err_t nvs::PageManager::load(nvs::Partition*, uint32_t, uint32_t)
0x636C	0x3F40636C	pthread
0x63EE	0x3F4063EE	false && "Failed to lock threads list!"
0x6457	0x3F406457	false && "Failed to release mutex!"
0x647B	0x3F40647B	false && "Failed to unlock mutex!"
0x649E	0x3F40649E	pthread_mutex_unlock
0x64B3	0x3F4064B3	pthread_mutex_destroy
0x64C9	0x3F4064C9	pthread_cancel
0x64D8	0x3F4064D8	tls != NULL
0x6514	0x3F406514	pthread_local_storage_thread_deleted_callback
0x6542	0x3F406542	task_wdt
0x6654	0x3F406654	esp_intr_alloc(ETS_TG0_WDT_LEVEL_INTR_SOURCE, 0, task_wdt_isr, NULL, &twdt_config->intr_handle)
0x66D9	0x3F4066D9	esp_register_freertos_idle_hook_for_cpu(idle_hook_cb, i)
0x6712	0x3F406712	esp_task_wdt_add
0x6723	0x3F406723	esp_task_wdt_init
0x6735	0x3F406735	cpu_start
0x67E7	0x3F4067E7	rtc_clk_xtal_freq_get() != RTC_XTAL_FREQ_AUTO
0x6850	0x3F406850	esp_clk_init
0x685D	0x3F40685D	(hint & (~RST_REASON_MASK)) == 0
0x68B7	0x3F4068B7	esp_reset_reason_set_hint
0x68E8	0x3F4068E8	Backtrace:
0x68F7	0x3F4068F7	 0x%08X:0x%08X
0x6906	0x3F406906	 |<-CORRUPTED
0x6914	0x3F406914	 |<-CONTINUES
0x6922	0x3F406922	core_id<portNUM_PROCESSORS
0x696C	0x3F40696C	esp_crosscore_int_send
0x6983	0x3F406983	esp_crosscore_int_init
0x69AB	0x3F4069AB	?Guru Meditation Error: Core 
0x69C9	0x3F4069C9	 panic'ed (
0x69D9	0x3F4069D9	Setting breakpoint at 0x
0x69F2	0x3F4069F2	 and returning...
0x6A08	0x3F406A08	ELF file SHA256: 
0x6A1A	0x3F406A1A	Re-entered core dump! Exception happened during core dump!
0x6A57	0x3F406A57	Rebooting...
0x6A66	0x3F406A66	vfs_err == ESP_OK && "Failed to register vfs console"
0x6AC1	0x3F406AC1	/dev/console/
0x6ACF	0x3F406ACF	err == ESP_OK && "Failed to init pthread module!"
0x6B01	0x3F406B01	flash_ret == ESP_OK
0x6B15	0x3F406B15	do_core_init
0x6B2B	0x3F406B2B	@Unknown
0x6B36	0x3F406B36	Brownout detector was triggered
0x6B5F	0x3F406B5F	Memory dump at 0x
0x6B71	0x3F406B71	Debug exception reason: 
0x6B8A	0x3F406B8A	SingleStep 
0x6B96	0x3F406B96	HwBreakpoint 
0x6BA4	0x3F406BA4	Stack canary watchpoint triggered (
0x6BCB	0x3F406BCB	Watchpoint 0 triggered 
0x6BE3	0x3F406BE3	BREAK instr 
0x6BF0	0x3F406BF0	BREAKN instr 
0x6BFE	0x3F406BFE	DebugIntr 
0x6C09	0x3F406C09	 register dump:
0x6C19	0x3F406C19	 was running in ISR context:
0x6C38	0x3F406C38	EPC1    : 0x
0x6C45	0x3F406C45	  EPC2    : 0x
0x6C54	0x3F406C54	  EPC3    : 0x
0x6C63	0x3F406C63	  EPC4    : 0x
0x6C72	0x3F406C72	PC      
0x6C7B	0x3F406C7B	PS      
0x6C84	0x3F406C84	A0      
0x6C8D	0x3F406C8D	A1      
0x6C96	0x3F406C96	A2      
0x6C9F	0x3F406C9F	A3      
0x6CA8	0x3F406CA8	A4      
0x6CB1	0x3F406CB1	A5      
0x6CBA	0x3F406CBA	A6      
0x6CC3	0x3F406CC3	A7      
0x6CCC	0x3F406CCC	A8      
0x6CD5	0x3F406CD5	A9      
0x6CDE	0x3F406CDE	A10     
0x6CE7	0x3F406CE7	A11     
0x6CF0	0x3F406CF0	A12     
0x6CF9	0x3F406CF9	A13     
0x6D02	0x3F406D02	A14     
0x6D0B	0x3F406D0B	A15     
0x6D14	0x3F406D14	SAR     
0x6D1D	0x3F406D1D	EXCCAUSE
0x6D26	0x3F406D26	EXCVADDR
0x6D2F	0x3F406D2F	LBEG    
0x6D38	0x3F406D38	LEND    
0x6D41	0x3F406D41	LCOUNT  
0x6D99	0x3F406D99	m@?&m@?/m@?8m@?Am@?Exception was unhandled.
0x6DC5	0x3F406DC5	Unknown reason
0x6DD4	0x3F406DD4	Unhandled debug exception
0x6DEE	0x3F406DEE	Double exception
0x6DFF	0x3F406DFF	Unhandled kernel exception
0x6E1A	0x3F406E1A	Coprocessor exception
0x6E30	0x3F406E30	Interrupt wdt timeout on CPU0
0x6E4E	0x3F406E4E	Interrupt wdt timeout on CPU1
0x6E6C	0x3F406E6C	Cache disabled but cached memory region accessed
0x6E9D	0x3F406E9D	IllegalInstruction
0x6EB0	0x3F406EB0	Syscall
0x6EB8	0x3F406EB8	InstructionFetchError
0x6ECE	0x3F406ECE	LoadStoreError
0x6EDD	0x3F406EDD	Level1Interrupt
0x6EED	0x3F406EED	Alloca
0x6EF4	0x3F406EF4	IntegerDivideByZero
0x6F08	0x3F406F08	PCValue
0x6F10	0x3F406F10	Privileged
0x6F1B	0x3F406F1B	LoadStoreAlignment
0x6F2E	0x3F406F2E	InstrPDAddrError
0x6F3F	0x3F406F3F	LoadStorePIFDataError
0x6F55	0x3F406F55	InstrPIFAddrError
0x6F67	0x3F406F67	LoadStorePIFAddrError
0x6F7D	0x3F406F7D	InstTLBMiss
0x6F89	0x3F406F89	InstTLBMultiHit
0x6F99	0x3F406F99	InstFetchPrivilege
0x6FAC	0x3F406FAC	InstrFetchProhibited
0x6FC1	0x3F406FC1	LoadStoreTLBMiss
0x6FD2	0x3F406FD2	LoadStoreTLBMultihit
0x6FE7	0x3F406FE7	LoadStorePrivilege
0x6FFA	0x3F406FFA	LoadProhibited
0x7009	0x3F407009	StoreProhibited
0x7019	0x3F407019	Cp0Dis
0x7020	0x3F407020	Cp1Dis
0x7027	0x3F407027	Cp2Dis
0x702E	0x3F40702E	Cp3Dis
0x7035	0x3F407035	Cp4Dis
0x703C	0x3F40703C	Cp5Dis
0x7043	0x3F407043	Cp6Dis
0x704A	0x3F40704A	Cp7Dis
0x7065	0x3F407065	n@?0n@?Nn@?ln@?
0x70BD	0x3F4070BD	o@?Eh@?
0x70C5	0x3F4070C5	o@?Eh@?Eh@?Eh@?
0x70DD	0x3F4070DD	o@?Eh@?
0x70E9	0x3F4070E9	p@?Eh@?Eh@?
0x70F5	0x3F4070F5	p@? p@?'p@?.p@?5p@?<p@?Cp@?Jp@?bus_cfg->scl_low > 0
0x7158	0x3F407158	scl_high > 13
0x7166	0x3F407166	i2c_ll_set_bus_timing
0x71B4	0x3F4071B4	strncmp(src_path, vfs->path_prefix, vfs->path_prefix_len) == 0
0x720D	0x3F40720D	translate_path
0x721C	0x3F40721C	/dev/uart
0x7229	0x3F407229	/dev/console
0x72DB	0x3F4072DB	@fd >=0 && fd < 3
0x730C	0x3F40730C	s_ctx[fd]->peek_char == NONE
0x732F	0x3F40732F	fd >= 0 && fd < 3
0x7341	0x3F407341	uart_write
0x734C	0x3F40734C	uart_return_char
0x735D	0x3F40735D	uart_read
0x7367	0x3F407367	uart_close
0x7372	0x3F407372	uart_fstat
0x737D	0x3F40737D	uart_fcntl
0x7388	0x3F407388	uart_fsync
0x7443	0x3F407443	?ETH_EVENT
0x744E	0x3F40744E	esp_netif_handlers
0x747F	0x3F40747F	connected action: dhcpc failed
0x749E	0x3F40749E	esp_event_send_internal in esp_netif_action_connected
0x74F2	0x3F4074F2	esp_netif_action_connected
0x750D	0x3F40750D	s_list_lock
0x7547	0x3F407547	s_esp_netif_counter > 0
0x755F	0x3F40755F	esp_netif_objects
0x75A3	0x3F4075A3	esp_netif_remove_from_list
0x75BE	0x3F4075BE	esp_netif_list_unlock
0x75D4	0x3F4075D4	IP_EVENT
0x75EC	0x3F4075EC	OT_DEF
0x75F3	0x3F4075F3	openthread
0x75FE	0x3F4075FE	SLP_DEF
0x760B	0x3F40760B	PPP_DEF
0x7617	0x3F407617	ETH_DEF
0x7623	0x3F407623	WIFI_AP_DEF
0x762F	0x3F40762F	WIFI_STA_DEF
0x7701	0x3F407701	espressif
0x78CD	0x3F4078CD	esp_netif_config_sanity_check(esp_netif)
0x7B87	0x3F407B87	esp_netif_start_api
0x7B9B	0x3F407B9B	esp_netif_new
0x7BBB	0x3F407BBB	@sys_evt
0x7D1F	0x3F407D1F	event_loop
0x7D77	0x3F407D77	event_handler
0x7DF7	0x3F407DF7	handler_ctx
0x7E4C	0x3F407E4C	esp_event_post_to
0x7E5E	0x3F407E5E	esp_event_handler_unregister_with_internal
0x7E89	0x3F407E89	esp_event_handler_register_with_internal
0x7EB2	0x3F407EB2	esp_event_loop_run
0x7EC5	0x3F407EC5	event_send
0x7FA7	0x3F407FA7	@EAP deinit
0x7FB3	0x3F407FB3	Pairwise key expansion
0x7FCA	0x3F407FCA	(size_t) (pos - rsn_ie) <= rsn_ie_len
0x8025	0x3F408025	(size_t) (pos - wpa_ie) <= wpa_ie_len
0x804B	0x3F40804B	wpa_gen_wpa_ie_wpa
0x805E	0x3F40805E	wpa_gen_wpa_ie_rsn
0x8080	0x3F408080	PMK Name
0x8089	0x3F408089	pmksa_timeout_timer
0x809D	0x3F40809D	smartconfig
0x80D4	0x3F4080D4	SC_EVENT
0x81CF	0x3F4081CF	sc_ack_send_task
0x821F	0x3F40821F	ESPNOW
0x8226	0x3F408226	wifi_init
0x82D3	0x3F4082D3	WIFI_EVENT
0x82DE	0x3F4082DE	wifi_init_default
0x83E5	0x3F4083E5	esp_netif_create_default_wifi_sta
0x8407	0x3F408407	esp_netif_create_default_wifi_ap
0x8428	0x3F408428	wifi_netif
0x852C	0x3F40852C	fromaddr != NULL
0x8568	0x3F408568	from != NULL
0x8575	0x3F408575	fromlen != NULL
0x8585	0x3F408585	sock->fd_used != 0
0x8598	0x3F408598	no socket given
0x85A8	0x3F4085A8	this should be checked internally
0x85CA	0x3F4085CA	invalid copylen, len would underflow
0x85EF	0x3F4085EF	invalid copylen
0x85FF	0x3F4085FF	unknown event
0x860D	0x3F40860D	Unknown socket option
0x8623	0x3F408623	select_cb->prev == NULL
0x863B	0x3F40863B	select_cb->prev != NULL
0x8653	0x3F408653	sockets[i].select_waiting == 0
0x8672	0x3F408672	sock->fd_used > 0
0x8684	0x3F408684	buf != NULL
0x8690	0x3F408690	sock != NULL
0x869D	0x3F40869D	nready >= 0
0x86A9	0x3F4086A9	sock->select_waiting > 0
0x86C2	0x3F4086C2	arg != NULL
0x86CE	0x3F4086CE	Unhandled netconn type in SO_BINDTODEVICE
0x86F8	0x3F4086F8	Invalid netif index
0x870C	0x3F40870C	sock->lastdata == NULL
0x8796	0x3F408796	sock_inc_used_locked
0x87B7	0x3F4087B7	event_callback
0x8809	0x3F408809	done_socket
0x8815	0x3F408815	free_socket_locked
0x8828	0x3F408828	alloc_socket
0x8835	0x3F408835	sock_inc_used
0x8843	0x3F408843	tcpip_thread: invalid message
0x888A	0x3F40888A	Invalid mbox
0x8897	0x3F408897	semaphore not initialized
0x88B1	0x3F4088B1	failed to create tcpip_thread mbox
0x88D8	0x3F4088D8	tcpip_thread_handle_msg
0x88F0	0x3F4088F0	tcpip_thread
0x88FD	0x3F4088FD	tcpip_init
0x8908	0x3F408908	tcpip_api_call
0x8917	0x3F408917	tcpip_send_msg_wait_sem
0x892F	0x3F40892F	tcpip_try_callback
0x8942	0x3F408942	tcpip_callback
0x8951	0x3F408951	tcpip_inpkt
0x8978	0x3F408978	malloc() must return aligned memory
0x89C4	0x3F4089C4	rmem != NULL
0x89D1	0x3F4089D1	rmem == MEM_ALIGN(rmem)
0x89E9	0x3F4089E9	mem_free
0x89F2	0x3F4089F2	mem_malloc
0x89FD	0x3F4089FD	memp_malloc: memp properly aligned
0x8A49	0x3F408A49	memp_free: mem properly aligned
0x8A69	0x3F408A69	do_memp_free_pool
0x8A7B	0x3F408A7B	do_memp_malloc_pool
0x8AFC	0x3F408AFC	netif_poll: invalid netif
0x8B40	0x3F408B40	bogus pbuf: len != tot_len but next == NULL!
0x8B6D	0x3F408B6D	netif->loop_cnt_current underflow
0x8B8F	0x3F408B8F	should not be null since first != last!
0x8BB7	0x3F408BB7	netif_loopif_init: invalid netif
0x8BD8	0x3F408BD8	netif_issue_reports: invalid netif
0x8BFB	0x3F408BFB	invalid pointer
0x8C0B	0x3F408C0B	netif already added
0x8C1F	0x3F408C1F	too many netifs, max. supported number is 255
0x8C4D	0x3F408C4D	netif_loop_output: invalid netif
0x8C6E	0x3F408C6E	netif_loop_output: invalid pbuf
0x8C8E	0x3F408C8E	if first != NULL, last must also be != NULL
0x8CBA	0x3F408CBA	netif != NULL
0x8CC8	0x3F408CC8	invalid index
0x8CD6	0x3F408CD6	netif_ip6_addr_set: invalid netif
0x8CF8	0x3F408CF8	netif_ip6_addr_set: invalid addr6
0x8D1A	0x3F408D1A	netif_get_ip6_addr_match: invalid netif
0x8D42	0x3F408D42	netif_get_ip6_addr_match: invalid ip6addr
0x8D6C	0x3F408D6C	netif_get_ip6_addr_match
0x8D85	0x3F408D85	netif_ip6_addr_set_state
0x8D9E	0x3F408D9E	netif_ip6_addr_set_parts
0x8DB7	0x3F408DB7	netif_ip6_addr_set
0x8DCA	0x3F408DCA	netif_poll
0x8DD5	0x3F408DD5	netif_loop_output
0x8DE7	0x3F408DE7	netif_issue_reports
0x8DFB	0x3F408DFB	netif_do_set_ipaddr
0x8E0F	0x3F408E0F	netif_add
0x8E19	0x3F408E19	netif_loopif_init
0x8E54	0x3F408E54	invalid pbuf_type
0x8E66	0x3F408E66	pbuf_free: p->ref > 0
0x8E7C	0x3F408E7C	pc->custom_free_function != NULL
0x8E9D	0x3F408E9D	invalid pbuf type
0x8EAF	0x3F408EAF	PBUF_POOL_BUFSIZE must be bigger than MEM_ALIGNMENT
0x8EE3	0x3F408EE3	pbuf_alloc: erroneous type
0x8EFE	0x3F408EFE	pbuf_realloc: p != NULL
0x8F16	0x3F408F16	pbuf_realloc: q != NULL
0x8F2E	0x3F408F2E	mem_trim returned q == NULL
0x8F4A	0x3F408F4A	pbuf ref overflow
0x8F5C	0x3F408F5C	p->tot_len == p->len (of last pbuf in chain)
0x8F89	0x3F408F89	offset_to <= p_to->len
0x8FA0	0x3F408FA0	offset_from <= p_from->len
0x8FBB	0x3F408FBB	pbuf_take: invalid pbuf
0x8FD3	0x3F408FD3	did not copy all data
0x8FE9	0x3F408FE9	check pbuf_skip result
0x9000	0x3F409000	pbuf_copy failed
0x9011	0x3F409011	pbuf_clone
0x901C	0x3F40901C	pbuf_take_at
0x9029	0x3F409029	pbuf_take
0x9033	0x3F409033	pbuf_copy_partial_pbuf
0x904A	0x3F40904A	pbuf_cat
0x9053	0x3F409053	pbuf_ref
0x905C	0x3F40905C	pbuf_free
0x9066	0x3F409066	pbuf_remove_header
0x9079	0x3F409079	pbuf_add_header_impl
0x908E	0x3F40908E	pbuf_realloc
0x909B	0x3F40909B	pbuf_alloc_reference
0x90B0	0x3F4090B0	pbuf_alloc
0x90BB	0x3F4090BB	raw pcb recv callback altered pbuf payload pointer without eating packet
0x912C	0x3F40912C	Can't restore header we just removed!
0x9152	0x3F409152	Checksum must fit into first pbuf
0x9174	0x3F409174	raw_sendto_if_src
0x9186	0x3F409186	raw_input
0x9190	0x3F409190	tcp_free: LISTEN
0x91C9	0x3F4091C9	pcb != NULL
0x91D5	0x3F4091D5	accepts_pending != 0
0x91EA	0x3F4091EA	tcp_update_rcv_ann_wnd: invalid pcb
0x920E	0x3F40920E	new_rcv_ann_wnd <= 0xffff
0x9228	0x3F409228	don't call tcp_recved for listen-pcbs
0x924E	0x3F40924E	tcp_seg_copy: invalid seg
0x9268	0x3F409268	invalid socket state for recv callback
0x928F	0x3F40928F	invalid socket state for sent callback
0x92B6	0x3F4092B6	invalid socket state for err callback
0x92DC	0x3F4092DC	invalid socket state for poll
0x92FA	0x3F4092FA	tcp_next_iss: invalid pcb
0x9314	0x3F409314	tcp_eff_send_mss_netif: invalid dst_ip
0x933B	0x3F40933B	tcp_pcb_remove: invalid pcb
0x9357	0x3F409357	tcp_pcb_remove: invalid pcblist
0x9377	0x3F409377	unsent segments leaking
0x938F	0x3F40938F	unacked segments leaking
0x93A8	0x3F4093A8	ooseq segments leaking
0x93BF	0x3F4093BF	don't call tcp_abort/tcp_abandon for listen-pcbs
0x93F0	0x3F4093F0	tcp_netif_ip_addr_changed_pcblist: invalid old_addr
0x9424	0x3F409424	tcp_close_shutdown: invalid pcb
0x9444	0x3F409444	pcb->flags & TF_RXCLOSED
0x945D	0x3F40945D	tcp_free_listen: !LISTEN
0x9476	0x3F409476	tcp_slowtmr: active pcb->state != CLOSED
0x94A0	0x3F4094A0	tcp_slowtmr: active pcb->state != LISTEN
0x94CA	0x3F4094CA	tcp_slowtmr: active pcb->state != TIME-WAIT
0x94F7	0x3F4094F7	tcp_slowtimr: persist ticking with in-flight data
0x9529	0x3F409529	tcp_slowtimr: persist ticking with empty send buffer
0x955E	0x3F40955E	tcp_slowtmr: middle tcp != tcp_active_pcbs
0x9589	0x3F409589	tcp_slowtmr: first pcb == tcp_active_pcbs
0x95B3	0x3F4095B3	tcp_slowtmr: TIME-WAIT pcb->state == TIME-WAIT
0x95E2	0x3F4095E2	tcp_slowtmr: middle tcp != tcp_tw_pcbs
0x9609	0x3F409609	tcp_slowtmr: first pcb == tcp_tw_pcbs
0x962F	0x3F40962F	tcp_netif_ip_addr_changed_pcblist
0x9651	0x3F409651	tcp_eff_send_mss_netif
0x9668	0x3F409668	tcp_next_iss
0x9675	0x3F409675	tcp_pcb_remove
0x9684	0x3F409684	tcp_poll
0x968D	0x3F40968D	tcp_err
0x9695	0x3F409695	tcp_sent
0x969E	0x3F40969E	tcp_recv
0x96A7	0x3F4096A7	tcp_seg_copy
0x96B4	0x3F4096B4	tcp_slowtmr
0x96C0	0x3F4096C0	tcp_recved
0x96CB	0x3F4096CB	tcp_update_rcv_ann_wnd
0x96E2	0x3F4096E2	tcp_abandon
0x96EE	0x3F4096EE	tcp_close_shutdown_fin
0x9705	0x3F409705	tcp_free_listen
0x9715	0x3F409715	tcp_close_shutdown
0x9728	0x3F409728	tcp_backlog_accepted
0x973D	0x3F40973D	tcp_free
0x976C	0x3F40976C	tcp_oos_insert_segment: invalid cseg
0x97BC	0x3F4097BC	tcp_parseopt: invalid pcb
0x97D6	0x3F4097D6	tcp_input_delayed_close: invalid pcb
0x97FB	0x3F4097FB	pcb->snd_queuelen >= pbuf_clen(next->p)
0x9823	0x3F409823	tcp_receive: valid queue length
0x9843	0x3F409843	tcp_receive: invalid pcb
0x985C	0x3F40985C	tcp_receive: wrong state
0x9875	0x3F409875	inseg.p != NULL
0x9885	0x3F409885	insane offset!
0x9894	0x3F409894	pbuf too short!
0x98A4	0x3F4098A4	tcp_receive: segment not trimmed correctly to rcv_wnd
0x98DB	0x3F4098DB	tcp_receive: segment not trimmed correctly to ooseq queue
0x9916	0x3F409916	tcp_receive: tcplen > rcv_wnd
0x9935	0x3F409935	tcp_receive: ooseq tcplen > rcv_wnd
0x995A	0x3F40995A	tcp_input: invalid pbuf
0x9972	0x3F409972	p->next != NULL
0x9982	0x3F409982	p->len == 0
0x998E	0x3F40998E	p->tot_len == p->next->tot_len
0x99AD	0x3F4099AD	tcp_input: active pcb->state != CLOSED
0x99D4	0x3F4099D4	tcp_input: active pcb->state != TIME-WAIT
0x99FE	0x3F4099FE	tcp_input: active pcb->state != LISTEN
0x9A25	0x3F409A25	tcp_input: pcb->next != pcb (before cache)
0x9A50	0x3F409A50	tcp_input: pcb->next != pcb (after cache)
0x9A7A	0x3F409A7A	tcp_input: TIME-WAIT pcb->state == TIME-WAIT
0x9AA7	0x3F409AA7	tcp_input: pcb->state != CLOSED
0x9AC7	0x3F409AC7	pcb->snd_queuelen > 0
0x9ADD	0x3F409ADD	no segment to free
0x9AF0	0x3F409AF0	pcb->listener->accept != NULL
0x9B0E	0x3F409B0E	pcb->refused_data == NULL
0x9B28	0x3F409B28	tcp_input_delayed_close
0x9B40	0x3F409B40	tcp_oos_insert_segment
0x9B57	0x3F409B57	tcp_free_acked_segments
0x9B6F	0x3F409B6F	tcp_receive
0x9B7B	0x3F409B7B	tcp_process
0x9B87	0x3F409B87	tcp_parseopt
0x9B94	0x3F409B94	tcp_input
0x9B9E	0x3F409B9E	tcp_create_segment: invalid pcb
0x9BEA	0x3F409BEA	tcp_create_segment: invalid pbuf
0x9C0B	0x3F409C0B	p->tot_len >= optlen
0x9C20	0x3F409C20	check that first pbuf can hold struct tcp_hdr
0x9C4E	0x3F409C4E	tcp_output_control_segment: invalid pbuf
0x9C77	0x3F409C77	tcp_output_segment_busy: invalid seg
0x9C9C	0x3F409C9C	tcp_output_alloc_header: invalid pcb
0x9CC1	0x3F409CC1	tcp_output_fill_options: invalid pbuf
0x9CE7	0x3F409CE7	tcp_write: pbufs on queue => at least one queue non-empty
0x9D21	0x3F409D21	tcp_write: no pbufs on queue => both queues empty
0x9D53	0x3F409D53	mss_local is too small
0x9D6A	0x3F409D6A	inconsistent oversize vs. space
0x9D8A	0x3F409D8A	inconsistent oversize vs. len
0x9DA8	0x3F409DA8	unsent_oversize mismatch (pcb->unsent is NULL)
0x9DD7	0x3F409DD7	need unchained pbuf
0x9DEB	0x3F409DEB	prev_seg != NULL
0x9DFC	0x3F409DFC	tcp_write: valid queue length
0x9E1A	0x3F409E1A	tcp_split_unsent_seg: invalid pcb
0x9E3C	0x3F409E3C	Can't split segment into length 0
0x9E5E	0x3F409E5E	split <= mss
0x9E6B	0x3F409E6B	useg->len > 0
0x9E79	0x3F409E79	tcp_enqueue_flags: need either TCP_SYN or TCP_FIN in flags (programmer violates API)
0x9ECE	0x3F409ECE	tcp_enqueue_flags: invalid pcb
0x9EED	0x3F409EED	tcp_enqueue_flags: check that first pbuf can hold optlen
0x9F26	0x3F409F26	seg->tcphdr not aligned
0x9F3E	0x3F409F3E	tcp_enqueue_flags: invalid segment length
0x9F68	0x3F409F68	tcp_enqueue_flags: invalid queue length
0x9F90	0x3F409F90	tcp_send_fin: invalid pcb
0x9FAA	0x3F409FAA	tcp_rexmit_rto_prepare: invalid pcb
0x9FCE	0x3F409FCE	tcp_rexmit: invalid pcb
0x9FE6	0x3F409FE6	tcp_rexmit_fast: invalid pcb
0xA003	0x3F40A003	tcp_rst: invalid local_ip
0xA01D	0x3F40A01D	tcp_rst: invalid remote_ip
0xA038	0x3F40A038	tcp_send_empty_ack: invalid pcb
0xA058	0x3F40A058	tcp_output: invalid pcb
0xA070	0x3F40A070	don't call tcp_output for listen-pcbs
0xA096	0x3F40A096	RST not expected here!
0xA0AD	0x3F40A0AD	options not filled
0xA0C0	0x3F40A0C0	tcp_rexmit_rto_commit: invalid pcb
0xA0E3	0x3F40A0E3	tcp_rexmit_rto: invalid pcb
0xA0FF	0x3F40A0FF	tcp_keepalive: invalid pcb
0xA11A	0x3F40A11A	tcp_zero_window_probe: invalid pcb
0xA13D	0x3F40A13D	tcp_zero_window_probe
0xA153	0x3F40A153	tcp_keepalive
0xA161	0x3F40A161	tcp_output_alloc_header
0xA179	0x3F40A179	tcp_send_empty_ack
0xA18C	0x3F40A18C	tcp_output_control_segment
0xA1A7	0x3F40A1A7	tcp_output_fill_options
0xA1BF	0x3F40A1BF	tcp_output_alloc_header_common
0xA1DE	0x3F40A1DE	tcp_rst
0xA1E6	0x3F40A1E6	tcp_rexmit_fast
0xA1F6	0x3F40A1F6	tcp_rexmit
0xA201	0x3F40A201	tcp_rexmit_rto
0xA210	0x3F40A210	tcp_rexmit_rto_commit
0xA226	0x3F40A226	tcp_rexmit_rto_prepare
0xA23D	0x3F40A23D	tcp_output_segment_busy
0xA255	0x3F40A255	tcp_output_segment
0xA268	0x3F40A268	tcp_output
0xA273	0x3F40A273	tcp_enqueue_flags
0xA285	0x3F40A285	tcp_send_fin
0xA292	0x3F40A292	tcp_split_unsent_seg
0xA2A7	0x3F40A2A7	tcp_create_segment
0xA2BA	0x3F40A2BA	tcp_pbuf_prealloc
0xA2CC	0x3F40A2CC	tcp_write_checks
0xA2DD	0x3F40A2DD	tcp_write
0xA2E7	0x3F40A2E7	sys_timeout: timeout != NULL, pool MEMP_SYS_TIMEOUT is empty
0xA351	0x3F40A351	Timeout time too long, max is LWIP_UINT32_MAX/4 msecs
0xA387	0x3F40A387	sys_timeout
0xA393	0x3F40A393	sys_timeout_abs
0xA3D3	0x3F40A3D3	@udp_input_local_match: invalid pcb
0xA41F	0x3F40A41F	udp_input_local_match: invalid netif
0xA444	0x3F40A444	udp_input: invalid pbuf
0xA45C	0x3F40A45C	udp_input: invalid netif
0xA475	0x3F40A475	pbuf_remove_header failed
0xA490	0x3F40A490	check that first pbuf can hold struct udp_hdr
0xA4BE	0x3F40A4BE	udp_sendto_if_src
0xA4D0	0x3F40A4D0	udp_input_local_match
0xA4E6	0x3F40A4E6	udp_input
0xA4F0	0x3F40A4F0	dhcp_option_short: options_out_len + 2 <= DHCP_OPTIONS_LEN
0xA559	0x3F40A559	dhcp_option: options_out_len + 2 + option_len <= DHCP_OPTIONS_LEN
0xA59B	0x3F40A59B	dhcp_option_byte: options_out_len < DHCP_OPTIONS_LEN
0xA5D0	0x3F40A5D0	dhcp_option_long: options_out_len + 4 <= DHCP_OPTIONS_LEN
0xA60A	0x3F40A60A	dhcp_pcb_refcount(): refcount error
0xA62E	0x3F40A62E	dhcp_inc_pcb_refcount(): memory leak
0xA653	0x3F40A653	dhcp_create_msg: check that first pbuf can hold struct dhcp_msg
0xA693	0x3F40A693	DHCP: hostname is too long!
0xA6AF	0x3F40A6AF	invalid server address type
0xA6CB	0x3F40A6CB	check decode_idx
0xA6DC	0x3F40A6DC	dhcp != NULL
0xA6E9	0x3F40A6E9	netif already has a struct dhcp set
0xA70D	0x3F40A70D	invalid dhcp->state
0xA721	0x3F40A721	dhcp_network_changed
0xA736	0x3F40A736	dhcp_parse_reply
0xA747	0x3F40A747	dhcp_recv
0xA751	0x3F40A751	dhcp_inc_pcb_refcount
0xA767	0x3F40A767	dhcp_dec_pcb_refcount
0xA77D	0x3F40A77D	dhcp_cleanup
0xA78A	0x3F40A78A	dhcp_set_struct
0xA79A	0x3F40A79A	dhcp_option_long
0xA7AB	0x3F40A7AB	dhcp_option_hostname
0xA7C0	0x3F40A7C0	dhcp_option_byte
0xA7D1	0x3F40A7D1	dhcp_option
0xA7DD	0x3F40A7DD	dhcp_option_short
0xA7EF	0x3F40A7EF	dhcp_create_msg
0xA803	0x3F40A803	*r->p != NULL
0xA841	0x3F40A841	arp_table[i].q == NULL
0xA858	0x3F40A858	arp_table[i].state == ETHARP_STATE_EMPTY
0xA881	0x3F40A881	check that first pbuf can hold struct etharp_hdr
0xA8B2	0x3F40A8B2	netif->hwaddr_len must be the same as ETH_HWADDR_LEN for etharp!
0xA8F3	0x3F40A8F3	ipaddr != NULL
0xA902	0x3F40A902	eth_ret != NULL
0xA912	0x3F40A912	netif->hwaddr_len == ETH_HWADDR_LEN
0xA936	0x3F40A936	arp_table[arp_idx].state >= ETHARP_STATE_STABLE
0xA966	0x3F40A966	type overflow
0xA974	0x3F40A974	no packet queues allowed!
0xA98E	0x3F40A98E	etharp_query
0xA99B	0x3F40A99B	etharp_output_to_arp_index
0xA9B6	0x3F40A9B6	etharp_output
0xA9C4	0x3F40A9C4	etharp_raw
0xA9CF	0x3F40A9CF	etharp_update_arp_entry
0xA9E7	0x3F40A9E7	etharp_find_entry
0xA9F9	0x3F40A9F9	free_etharp_q
0xAA07	0x3F40AA07	icmp_input: moving r->payload to icmp header failed
0xAA6A	0x3F40AA6A	icmp_input: restoring original p->payload failed
0xAA9C	0x3F40AA9C	check that first pbuf can hold icmp message
0xAAC8	0x3F40AAC8	icmp_send_response
0xAADB	0x3F40AADB	icmp_input
0xAAE6	0x3F40AAE6	igmp_send: check that first pbuf can hold struct igmp_msg
0xAB4E	0x3F40AB4E	igmp_lookup_group: first group must be allsystems
0xAB80	0x3F40AB80	igmp_lookup_group: all except first group must not be allsystems
0xABC1	0x3F40ABC1	igmp_send
0xABCB	0x3F40ABCB	igmp_lookup_group
0xABDD	0x3F40ABDD	p->ref == 1
0xAC16	0x3F40AC16	check that first pbuf can hold struct ip_hdr
0xAC43	0x3F40AC43	ip4_output_if_opt_src
0xAC8C	0x3F40AC8C	this needs a pbuf in one piece!
0xACDE	0x3F40ACDE	ip4_frag
0xACE7	0x3F40ACE7	check that first pbuf can hold icmp6 header
0xAD42	0x3F40AD42	icmpv6 packet not a direct response
0xAD66	0x3F40AD66	icmp6_send_response_with_addrs_and_netif
0xAD8F	0x3F40AD8F	icmp6_send_response
0xADD0	0x3F40ADD0	check that first pbuf can hold struct ip6_hdr
0xADFE	0x3F40ADFE	ip6_output_if_src
0xAE28	0x3F40AE28	p->tot_len >= IP6_HLEN
0xAE71	0x3F40AE71	ip6_frag
0xAEA7	0x3F40AEA7	q->p != NULL
0xAEB4	0x3F40AEB4	bad valid lifetime
0xAEC7	0x3F40AEC7	selected router must have a neighbor entry
0xAEF2	0x3F40AEF2	nd6_get_next_hop_entry
0xAF09	0x3F40AF09	nd6_find_route
0xAF18	0x3F40AF18	nd6_free_q
0xAF23	0x3F40AF23	nd6_process_autoconfig_prefix
0xAF41	0x3F40AF41	netif->hwaddr_len must be 6 for ethernet_output!
0xAFA0	0x3F40AFA0	ethernet_output
0xAFBC	0x3F40AFBC	failed to take the mutex
0xB008	0x3F40B008	failed to give the mutex
0xB021	0x3F40B021	initial_count invalid (neither 0 nor 1)
0xB049	0x3F40B049	sys_sem_new: initial give failed
0xB06A	0x3F40B06A	sys_sem_signal: sane return value
0xB08C	0x3F40B08C	taking semaphore failed
0xB0A4	0x3F40B0A4	mbox post failed
0xB0B5	0x3F40B0B5	mbox fetch failed
0xB0C7	0x3F40B0C7	mbox quence not empty
0xB178	0x3F40B178	sys_thread_tcpip
0xB189	0x3F40B189	sys_mbox_free
0xB197	0x3F40B197	sys_arch_mbox_tryfetch
0xB1AE	0x3F40B1AE	sys_arch_mbox_fetch
0xB1C2	0x3F40B1C2	sys_mbox_post
0xB1D0	0x3F40B1D0	sys_arch_sem_wait
0xB1E2	0x3F40B1E2	sys_sem_signal
0xB1F1	0x3F40B1F1	sys_sem_new
0xB1FD	0x3F40B1FD	sys_mutex_unlock
0xB20E	0x3F40B20E	sys_mutex_lock
0xB21D	0x3F40B21D	dhcp_state
0xB256	0x3F40B256	wlanif_init
0xB262	0x3F40B262	esp_vfs_register_fd_range(&vfs, NULL, LWIP_SOCKET_OFFSET, MAX_FDS)
0xB2ED	0x3F40B2ED	dhcps_start(): could not obtain pcb
0xB311	0x3F40B311	dhcps: Illegal subnet mask.
0xB32D	0x3F40B32D	dhcps_stop: apnetif == NULL
0xB349	0x3F40B349	pre != NULL && pre->pnext != NULL
0xB39D	0x3F40B39D	kill_oldest_dhcps_pool
0xB3B6	0x3F40B3B6	Scfreeing conn without freeing pcb
0xB404	0x3F40B404	conn has no recvmbox
0xB419	0x3F40B419	conn->acceptmbox shouldn't exist
0xB43A	0x3F40B43A	do_write failed to write all bytes
0xB45D	0x3F40B45D	netconn_write_vectors_partly
0xB47A	0x3F40B47A	netconn_recv_data
0xB48C	0x3F40B48C	netconn_new_with_proto_and_callback
0xB4B0	0x3F40B4B0	recv_udp must have a pcb argument
0xB4FD	0x3F40B4FD	recv_udp must have an argument
0xB51C	0x3F40B51C	recv_udp: recv for wrong pcb!
0xB53A	0x3F40B53A	invalid conn
0xB547	0x3F40B547	this is for tcp netconns only
0xB565	0x3F40B565	conn must be in state NETCONN_CLOSE
0xB589	0x3F40B589	pcb already closed
0xB59C	0x3F40B59C	Closing a listen pcb may not fail!
0xB5BF	0x3F40B5BF	recv_tcp must have a pcb argument
0xB5E1	0x3F40B5E1	recv_tcp must have an argument
0xB600	0x3F40B600	err != ERR_OK unhandled
0xB618	0x3F40B618	recv_tcp: recv for wrong pcb!
0xB636	0x3F40B636	conn != NULL
0xB643	0x3F40B643	unhandled error
0xB653	0x3F40B653	inavlid op_completed_sem
0xB66C	0x3F40B66C	conn->current_msg == NULL
0xB686	0x3F40B686	conn->pcb.tcp != NULL
0xB69C	0x3F40B69C	conn->current_msg->msg.w.offset < conn->current_msg->msg.w.len
0xB6DB	0x3F40B6DB	conn->current_msg->msg.w.vector_cnt > 0
0xB72E	0x3F40B72E	err != NULL
0xB73A	0x3F40B73A	netconn_alloc: undefined netconn_type
0xB760	0x3F40B760	PCB must be deallocated outside this function
0xB78E	0x3F40B78E	recvmbox must be deallocated before calling this function
0xB7C8	0x3F40B7C8	acceptmbox must be deallocated before calling this function
0xB804	0x3F40B804	netconn marked closed
0xB81A	0x3F40B81A	netconn state error
0xB82E	0x3F40B82E	msg->conn->current_msg != NULL
0xB84D	0x3F40B84D	already writing or closing
0xB868	0x3F40B868	msg->msg.w.len != 0
0xB87C	0x3F40B87C	invalid netconn_type
0xB891	0x3F40B891	msg->msg.sd.shut == NETCONN_SHUT_RD
0xB911	0x3F40B911	netconn_drain
0xB91F	0x3F40B91F	netconn_free
0xB92C	0x3F40B92C	netconn_alloc
0xB93A	0x3F40B93A	recv_tcp
0xB943	0x3F40B943	sent_tcp
0xB985	0x3F40B985	poll_tcp
0xB9A6	0x3F40B9A6	err_tcp
0xB9AE	0x3F40B9AE	recv_udp
0xBA18	0x3F40BA18	check that first pbuf can hold size
0xBA66	0x3F40BA66	netbuf_alloc
0xBA73	0x3F40BA73	i == 0 || s_log_cache[(i - 1) / 2].generation < s_log_cache[i].generation
0xBAD7	0x3F40BAD7	get_cached_log_level
0xBAEC	0x3F40BAEC	esp_log_level_set
0xBAFE	0x3F40BAFE	esp_ptr_in_diram_dram((void *)dstart)
0xBB45	0x3F40BB45	esp_ptr_in_diram_dram((void *)dend)
0xBB69	0x3F40BB69	(dstart & 3) == 0
0xBB8B	0x3F40BB8B	heap != NULL && "free() target pointer is outside heap areas"
0xBBC9	0x3F40BBC9	heap != NULL && "realloc() pointer is outside heap areas"
0xBC03	0x3F40BC03	old_size > 0
0xBC10	0x3F40BC10	heap_caps_calloc
0xBC21	0x3F40BC21	heap_caps_realloc
0xBC33	0x3F40BC33	heap_caps_free
0xBC42	0x3F40BC42	heap_caps_realloc_base
0xBC59	0x3F40BC59	heap_caps_realloc_default
0xBC73	0x3F40BC73	heap_caps_malloc_default
0xBC8C	0x3F40BC8C	dram_alloc_to_iram_addr
0xBCA4	0x3F40BCA4	heap_caps_malloc
0xBCB5	0x3F40BCB5	heap_size <= HEAP_SIZE_MAX
0xBCF6	0x3F40BCF6	heap_idx <= num_heaps
0xBD0C	0x3F40BD0C	heap_idx == num_heaps
0xBD22	0x3F40BD22	SLIST_EMPTY(&registered_heaps)
0xBD41	0x3F40BD41	heaps_array != NULL
0xBD55	0x3F40BD55	heap_caps_init
0xBD64	0x3F40BD64	register_heap
0xBD72	0x3F40BD72	CORRUPT HEAP: multi_heap.c:%d detected at 0x%08x
0xBDA4	0x3F40BDA4	start_ptr
0xBDD0	0x3F40BDD0	heap != NULL
0xBDDD	0x3F40BDDD	multi_heap_realloc_impl
0xBDF5	0x3F40BDF5	multi_heap_register_impl
0xBE29	0x3F40BE29	tlsf_add_pool: Memory must be aligned by %u bytes.
0xBE5D	0x3F40BE5D	tlsf_add_pool: Memory size must be between %u and %u bytes.
0xBE9A	0x3F40BE9A	current && "free list cannot have a null entry"
0xBEEB	0x3F40BEEB	block_to_ptr(block) == align_ptr(block_to_ptr(block), ALIGN_SIZE) && "block not aligned properly"
0xBF4D	0x3F40BF4D	block_is_free(block) && "block should be free"
0xBF7C	0x3F40BF7C	!block_is_free(block_next(block)) && "next block should not be free"
0xBFC1	0x3F40BFC1	block_size(block_next(block)) == 0 && "next block size should be zero"
0xC008	0x3F40C008	prev && "prev_free field can not be null"
0xC032	0x3F40C032	next && "next_free field can not be null"
0xC05C	0x3F40C05C	tlsf_create: Memory must be aligned to %u bytes.
0xC08E	0x3F40C08E	sizeof(unsigned int) * CHAR_BIT >= control->sl_index_count && "CHAR_BIT less than sl_index_count"
0xC0F0	0x3F40C0F0	ALIGN_SIZE == control->small_block_size / control->sl_index_count && "ALIGN_SIZE does not match"
0xC151	0x3F40C151	sl_map && "internal error - second level bitmap is null"
0xC18A	0x3F40C18A	block_size(block) >= size
0xC1A4	0x3F40C1A4	block_is_free(block) && "block must be free"
0xC1D1	0x3F40C1D1	block_to_ptr(remaining) == align_ptr(block_to_ptr(remaining), ALIGN_SIZE) && "remaining block not aligned properly"
0xC245	0x3F40C245	block_size(block) == remain_size + size + block_header_overhead
0xC285	0x3F40C285	block_size(remaining) >= block_size_min && "block split with invalid size"
0xC2D0	0x3F40C2D0	!block_is_free(block) && "block already marked as free"
0xC308	0x3F40C308	prev && "prev physical block can't be null"
0xC334	0x3F40C334	block_is_free(prev) && "prev block is not free though marked as such"
0xC37A	0x3F40C37A	!block_is_last(prev) && "previous block can't be last"
0xC3B1	0x3F40C3B1	next && "next physical block can't be null"
0xC3DD	0x3F40C3DD	!block_is_last(block) && "previous block can't be last"
0xC415	0x3F40C415	!block_is_free(block) && "block must be used"
0xC443	0x3F40C443	block_trim_used
0xC453	0x3F40C453	tlsf_realloc
0xC460	0x3F40C460	block_merge_next
0xC471	0x3F40C471	block_absorb
0xC47E	0x3F40C47E	block_merge_prev
0xC48F	0x3F40C48F	tlsf_free
0xC499	0x3F40C499	block_split
0xC4A5	0x3F40C4A5	block_trim_free
0xC4B5	0x3F40C4B5	search_suitable_block
0xC4CB	0x3F40C4CB	block_locate_free
0xC4DD	0x3F40C4DD	control_construct
0xC4EF	0x3F40C4EF	remove_free_block
0xC501	0x3F40C501	insert_free_block
0xC513	0x3F40C513	CORRUPT HEAP: Bad head at %p. Expected 0x%08x got 0x%08x
0xC54D	0x3F40C54D	CORRUPT HEAP: Bad tail at %p. Expected 0x%08x got 0x%08x
0xC587	0x3F40C587	head != NULL
0xC5C0	0x3F40C5C0	multi_heap_get_allocated_size
0xC5DE	0x3F40C5DE	multi_heap_realloc
0xC5F1	0x3F40C5F1	multi_heap_free
0xC601	0x3F40C601	reserved[i].start <= reserved[i].end
0xC656	0x3F40C656	reserved[i + 1].start > reserved[i].start
0xC680	0x3F40C680	memory_layout
0xC6EF	0x3F40C6EF	s_prepare_reserved_regions
0xC9D0	0x3F40C9D0	D/IRAM
0xC9D7	0x3F40C9D7	PID2IRAM
0xC9E0	0x3F40C9E0	PID3IRAM
0xC9E9	0x3F40C9E9	PID4IRAM
0xC9F2	0x3F40C9F2	PID5IRAM
0xC9FB	0x3F40C9FB	PID6IRAM
0xCA04	0x3F40CA04	PID7IRAM
0xCA0D	0x3F40CA0D	PID2DRAM
0xCA16	0x3F40CA16	PID3DRAM
0xCA1F	0x3F40CA1F	PID4DRAM
0xCA28	0x3F40CA28	PID5DRAM
0xCA31	0x3F40CA31	PID6DRAM
0xCA3A	0x3F40CA3A	PID7DRAM
0xCA43	0x3F40CA43	SPIRAM
0xCA4A	0x3F40CA4A	RTCRAM
0xD138	0x3F40D138	result == core_id || result == SPINLOCK_FREE
0xD19B	0x3F40D19B	(result == SPINLOCK_FREE) == (lock->count == 0)
0xD1CB	0x3F40D1CB	lock->count < 0xFF
0xD1DE	0x3F40D1DE	core_id == lock->owner
0xD1F5	0x3F40D1F5	lock->count < 0x100
0xD209	0x3F40D209	spinlock_release
0xD21A	0x3F40D21A	spinlock_acquire
0xD26B	0x3F40D26B	esp_fill_random
0xD27B	0x3F40D27B	!((vd->flags&VECDESC_FL_SHARED)&&(vd->flags&VECDESC_FL_NONSHARED))
0xD2EA	0x3F40D2EA	svd != NULL
0xD2FA	0x3F40D2FA	esp_intr_disable
0xD30B	0x3F40D30B	esp_intr_free
0xD319	0x3F40D319	is_vect_desc_usable
0xD32D	0x3F40D32D	find_desc_for_source
0xD342	0x3F40D342	system_api
0xD39D	0x3F40D39D	(size_bits % 8) == 0
0xD485	0x3F40D485	esp_efuse_mac_get_default
0xD49F	0x3F40D49F	"(Cannot use REG_CLR_BIT for DPORT registers use DPORT_REG_CLR_BIT)" && (!((((rtc_io_desc[rtcio_num].reg)) >= 0x3ff00000) && ((rtc_io_desc[rtcio_num].reg)) <= 0x3ff13FFC))
0xD54B	0x3F40D54B	rtcio_ll_force_hold_disable
0xD567	0x3F40D567	slowclk_cycles < 32767
0xD5B3	0x3F40D5B3	rtc_time
0xD659	0x3F40D659	rtc_clk_cal_internal
0xD66E	0x3F40D66E	Unhandled interrupt %d on cpu %d!
0xD691	0x3F40D691	ERROR
0xD697	0x3F40D697	ESP_FAIL
0xD6A0	0x3F40D6A0	ESP_ERR_NO_MEM
0xD6AF	0x3F40D6AF	ESP_ERR_INVALID_ARG
0xD6C3	0x3F40D6C3	ESP_ERR_INVALID_STATE
0xD6D9	0x3F40D6D9	ESP_ERR_INVALID_SIZE
0xD6EE	0x3F40D6EE	ESP_ERR_NOT_FOUND
0xD700	0x3F40D700	ESP_ERR_NOT_SUPPORTED
0xD716	0x3F40D716	ESP_ERR_TIMEOUT
0xD726	0x3F40D726	ESP_ERR_INVALID_RESPONSE
0xD73F	0x3F40D73F	ESP_ERR_INVALID_CRC
0xD753	0x3F40D753	ESP_ERR_INVALID_VERSION
0xD76B	0x3F40D76B	ESP_ERR_INVALID_MAC
0xD77F	0x3F40D77F	ESP_ERR_NOT_FINISHED
0xD794	0x3F40D794	ESP_ERR_NVS_BASE
0xD7A5	0x3F40D7A5	ESP_ERR_NVS_NOT_INITIALIZED
0xD7C1	0x3F40D7C1	ESP_ERR_NVS_NOT_FOUND
0xD7D7	0x3F40D7D7	ESP_ERR_NVS_TYPE_MISMATCH
0xD7F1	0x3F40D7F1	ESP_ERR_NVS_READ_ONLY
0xD807	0x3F40D807	ESP_ERR_NVS_NOT_ENOUGH_SPACE
0xD824	0x3F40D824	ESP_ERR_NVS_INVALID_NAME
0xD83D	0x3F40D83D	ESP_ERR_NVS_INVALID_HANDLE
0xD858	0x3F40D858	ESP_ERR_NVS_REMOVE_FAILED
0xD872	0x3F40D872	ESP_ERR_NVS_KEY_TOO_LONG
0xD88B	0x3F40D88B	ESP_ERR_NVS_PAGE_FULL
0xD8A1	0x3F40D8A1	ESP_ERR_NVS_INVALID_STATE
0xD8BB	0x3F40D8BB	ESP_ERR_NVS_INVALID_LENGTH
0xD8D6	0x3F40D8D6	ESP_ERR_NVS_NO_FREE_PAGES
0xD8F0	0x3F40D8F0	ESP_ERR_NVS_VALUE_TOO_LONG
0xD90B	0x3F40D90B	ESP_ERR_NVS_PART_NOT_FOUND
0xD926	0x3F40D926	ESP_ERR_NVS_NEW_VERSION_FOUND
0xD944	0x3F40D944	ESP_ERR_NVS_XTS_ENCR_FAILED
0xD960	0x3F40D960	ESP_ERR_NVS_XTS_DECR_FAILED
0xD97C	0x3F40D97C	ESP_ERR_NVS_XTS_CFG_FAILED
0xD997	0x3F40D997	ESP_ERR_NVS_XTS_CFG_NOT_FOUND
0xD9B5	0x3F40D9B5	ESP_ERR_NVS_ENCR_NOT_SUPPORTED
0xD9D4	0x3F40D9D4	ESP_ERR_NVS_KEYS_NOT_INITIALIZED
0xD9F5	0x3F40D9F5	ESP_ERR_NVS_CORRUPT_KEY_PART
0xDA12	0x3F40DA12	ESP_ERR_NVS_CONTENT_DIFFERS
0xDA2E	0x3F40DA2E	ESP_ERR_NVS_WRONG_ENCRYPTION
0xDA4B	0x3F40DA4B	ESP_ERR_ULP_BASE
0xDA5C	0x3F40DA5C	ESP_ERR_ULP_SIZE_TOO_BIG
0xDA75	0x3F40DA75	ESP_ERR_ULP_INVALID_LOAD_ADDR
0xDA93	0x3F40DA93	ESP_ERR_ULP_DUPLICATE_LABEL
0xDAAF	0x3F40DAAF	ESP_ERR_ULP_UNDEFINED_LABEL
0xDACB	0x3F40DACB	ESP_ERR_ULP_BRANCH_OUT_OF_RANGE
0xDAEB	0x3F40DAEB	ESP_ERR_OTA_BASE
0xDAFC	0x3F40DAFC	ESP_ERR_OTA_PARTITION_CONFLICT
0xDB1B	0x3F40DB1B	ESP_ERR_OTA_SELECT_INFO_INVALID
0xDB3B	0x3F40DB3B	ESP_ERR_OTA_VALIDATE_FAILED
0xDB57	0x3F40DB57	ESP_ERR_OTA_SMALL_SEC_VER
0xDB71	0x3F40DB71	ESP_ERR_OTA_ROLLBACK_FAILED
0xDB8D	0x3F40DB8D	ESP_ERR_OTA_ROLLBACK_INVALID_STATE
0xDBB0	0x3F40DBB0	ESP_ERR_EFUSE
0xDBBE	0x3F40DBBE	ESP_OK_EFUSE_CNT
0xDBCF	0x3F40DBCF	ESP_ERR_EFUSE_CNT_IS_FULL
0xDBE9	0x3F40DBE9	ESP_ERR_EFUSE_REPEATED_PROG
0xDC05	0x3F40DC05	ESP_ERR_CODING
0xDC14	0x3F40DC14	ESP_ERR_NOT_ENOUGH_UNUSED_KEY_BLOCKS
0xDC39	0x3F40DC39	ESP_ERR_DAMAGED_READING
0xDC51	0x3F40DC51	ESP_ERR_IMAGE_BASE
0xDC64	0x3F40DC64	ESP_ERR_IMAGE_FLASH_FAIL
0xDC7D	0x3F40DC7D	ESP_ERR_IMAGE_INVALID
0xDC93	0x3F40DC93	ESP_ERR_WIFI_BASE
0xDCA5	0x3F40DCA5	ESP_ERR_WIFI_NOT_INIT
0xDCBB	0x3F40DCBB	ESP_ERR_WIFI_NOT_STARTED
0xDCD4	0x3F40DCD4	ESP_ERR_WIFI_NOT_STOPPED
0xDCED	0x3F40DCED	ESP_ERR_WIFI_IF
0xDCFD	0x3F40DCFD	ESP_ERR_WIFI_MODE
0xDD0F	0x3F40DD0F	ESP_ERR_WIFI_STATE
0xDD22	0x3F40DD22	ESP_ERR_WIFI_CONN
0xDD34	0x3F40DD34	ESP_ERR_WIFI_NVS
0xDD45	0x3F40DD45	ESP_ERR_WIFI_MAC
0xDD56	0x3F40DD56	ESP_ERR_WIFI_SSID
0xDD68	0x3F40DD68	ESP_ERR_WIFI_PASSWORD
0xDD7E	0x3F40DD7E	ESP_ERR_WIFI_TIMEOUT
0xDD93	0x3F40DD93	ESP_ERR_WIFI_WAKE_FAIL
0xDDAA	0x3F40DDAA	ESP_ERR_WIFI_WOULD_BLOCK
0xDDC3	0x3F40DDC3	ESP_ERR_WIFI_NOT_CONNECT
0xDDDC	0x3F40DDDC	ESP_ERR_WIFI_POST
0xDDEE	0x3F40DDEE	ESP_ERR_WIFI_INIT_STATE
0xDE06	0x3F40DE06	ESP_ERR_WIFI_STOP_STATE
0xDE1E	0x3F40DE1E	ESP_ERR_WIFI_NOT_ASSOC
0xDE35	0x3F40DE35	ESP_ERR_WIFI_TX_DISALLOW
0xDE4E	0x3F40DE4E	ESP_ERR_WIFI_REGISTRAR
0xDE65	0x3F40DE65	ESP_ERR_WIFI_WPS_TYPE
0xDE7B	0x3F40DE7B	ESP_ERR_WIFI_WPS_SM
0xDE8F	0x3F40DE8F	ESP_ERR_ESPNOW_BASE
0xDEA3	0x3F40DEA3	ESP_ERR_ESPNOW_NOT_INIT
0xDEBB	0x3F40DEBB	ESP_ERR_ESPNOW_ARG
0xDECE	0x3F40DECE	ESP_ERR_ESPNOW_NO_MEM
0xDEE4	0x3F40DEE4	ESP_ERR_ESPNOW_FULL
0xDEF8	0x3F40DEF8	ESP_ERR_ESPNOW_NOT_FOUND
0xDF11	0x3F40DF11	ESP_ERR_ESPNOW_INTERNAL
0xDF29	0x3F40DF29	ESP_ERR_ESPNOW_EXIST
0xDF3E	0x3F40DF3E	ESP_ERR_ESPNOW_IF
0xDF50	0x3F40DF50	ESP_ERR_DPP_FAILURE
0xDF64	0x3F40DF64	ESP_ERR_DPP_TX_FAILURE
0xDF7B	0x3F40DF7B	ESP_ERR_DPP_INVALID_ATTR
0xDF94	0x3F40DF94	ESP_ERR_MESH_BASE
0xDFA6	0x3F40DFA6	ESP_ERR_MESH_WIFI_NOT_START
0xDFC2	0x3F40DFC2	ESP_ERR_MESH_NOT_INIT
0xDFD8	0x3F40DFD8	ESP_ERR_MESH_NOT_CONFIG
0xDFF0	0x3F40DFF0	ESP_ERR_MESH_NOT_START
0xE007	0x3F40E007	ESP_ERR_MESH_NOT_SUPPORT
0xE020	0x3F40E020	ESP_ERR_MESH_NOT_ALLOWED
0xE039	0x3F40E039	ESP_ERR_MESH_NO_MEMORY
0xE050	0x3F40E050	ESP_ERR_MESH_ARGUMENT
0xE066	0x3F40E066	ESP_ERR_MESH_EXCEED_MTU
0xE07E	0x3F40E07E	ESP_ERR_MESH_TIMEOUT
0xE093	0x3F40E093	ESP_ERR_MESH_DISCONNECTED
0xE0AD	0x3F40E0AD	ESP_ERR_MESH_QUEUE_FAIL
0xE0C5	0x3F40E0C5	ESP_ERR_MESH_QUEUE_FULL
0xE0DD	0x3F40E0DD	ESP_ERR_MESH_NO_PARENT_FOUND
0xE0FA	0x3F40E0FA	ESP_ERR_MESH_NO_ROUTE_FOUND
0xE116	0x3F40E116	ESP_ERR_MESH_OPTION_NULL
0xE12F	0x3F40E12F	ESP_ERR_MESH_OPTION_UNKNOWN
0xE14B	0x3F40E14B	ESP_ERR_MESH_XON_NO_WINDOW
0xE166	0x3F40E166	ESP_ERR_MESH_INTERFACE
0xE17D	0x3F40E17D	ESP_ERR_MESH_DISCARD_DUPLICATE
0xE19C	0x3F40E19C	ESP_ERR_MESH_DISCARD
0xE1B1	0x3F40E1B1	ESP_ERR_MESH_VOTING
0xE1C5	0x3F40E1C5	ESP_ERR_MESH_XMIT
0xE1D7	0x3F40E1D7	ESP_ERR_MESH_QUEUE_READ
0xE1EF	0x3F40E1EF	ESP_ERR_MESH_PS
0xE1FF	0x3F40E1FF	ESP_ERR_MESH_RECV_RELEASE
0xE219	0x3F40E219	ESP_ERR_ESP_NETIF_BASE
0xE230	0x3F40E230	ESP_ERR_ESP_NETIF_INVALID_PARAMS
0xE251	0x3F40E251	ESP_ERR_ESP_NETIF_IF_NOT_READY
0xE270	0x3F40E270	ESP_ERR_ESP_NETIF_DHCPC_START_FAILED
0xE295	0x3F40E295	ESP_ERR_ESP_NETIF_DHCP_ALREADY_STARTED
0xE2BC	0x3F40E2BC	ESP_ERR_ESP_NETIF_DHCP_ALREADY_STOPPED
0xE2E3	0x3F40E2E3	ESP_ERR_ESP_NETIF_NO_MEM
0xE2FC	0x3F40E2FC	ESP_ERR_ESP_NETIF_DHCP_NOT_STOPPED
0xE31F	0x3F40E31F	ESP_ERR_ESP_NETIF_DRIVER_ATTACH_FAILED
0xE346	0x3F40E346	ESP_ERR_ESP_NETIF_INIT_FAILED
0xE364	0x3F40E364	ESP_ERR_ESP_NETIF_DNS_NOT_CONFIGURED
0xE389	0x3F40E389	ESP_ERR_ESP_NETIF_MLD6_FAILED
0xE3A7	0x3F40E3A7	ESP_ERR_ESP_NETIF_IP6_ADDR_FAILED
0xE3C9	0x3F40E3C9	ESP_ERR_ESP_NETIF_DHCPS_START_FAILED
0xE3EE	0x3F40E3EE	ESP_ERR_FLASH_BASE
0xE401	0x3F40E401	ESP_ERR_FLASH_OP_FAIL
0xE417	0x3F40E417	ESP_ERR_FLASH_OP_TIMEOUT
0xE430	0x3F40E430	ESP_ERR_FLASH_NOT_INITIALISED
0xE44E	0x3F40E44E	ESP_ERR_FLASH_UNSUPPORTED_HOST
0xE46D	0x3F40E46D	ESP_ERR_FLASH_UNSUPPORTED_CHIP
0xE48C	0x3F40E48C	ESP_ERR_FLASH_PROTECTED
0xE4A4	0x3F40E4A4	ESP_ERR_HTTP_BASE
0xE4B6	0x3F40E4B6	ESP_ERR_HTTP_MAX_REDIRECT
0xE4D0	0x3F40E4D0	ESP_ERR_HTTP_CONNECT
0xE4E5	0x3F40E4E5	ESP_ERR_HTTP_WRITE_DATA
0xE4FD	0x3F40E4FD	ESP_ERR_HTTP_FETCH_HEADER
0xE517	0x3F40E517	ESP_ERR_HTTP_INVALID_TRANSPORT
0xE536	0x3F40E536	ESP_ERR_HTTP_CONNECTING
0xE54E	0x3F40E54E	ESP_ERR_HTTP_EAGAIN
0xE562	0x3F40E562	ESP_ERR_HTTP_CONNECTION_CLOSED
0xE581	0x3F40E581	ESP_ERR_ESP_TLS_BASE
0xE596	0x3F40E596	ESP_ERR_ESP_TLS_CANNOT_RESOLVE_HOSTNAME
0xE5BE	0x3F40E5BE	ESP_ERR_ESP_TLS_CANNOT_CREATE_SOCKET
0xE5E3	0x3F40E5E3	ESP_ERR_ESP_TLS_UNSUPPORTED_PROTOCOL_FAMILY
0xE60F	0x3F40E60F	ESP_ERR_ESP_TLS_FAILED_CONNECT_TO_HOST
0xE636	0x3F40E636	ESP_ERR_ESP_TLS_SOCKET_SETOPT_FAILED
0xE65B	0x3F40E65B	ESP_ERR_ESP_TLS_CONNECTION_TIMEOUT
0xE67E	0x3F40E67E	ESP_ERR_ESP_TLS_SE_FAILED
0xE698	0x3F40E698	ESP_ERR_ESP_TLS_TCP_CLOSED_FIN
0xE6B7	0x3F40E6B7	ESP_ERR_MBEDTLS_CERT_PARTLY_OK
0xE6D6	0x3F40E6D6	ESP_ERR_MBEDTLS_CTR_DRBG_SEED_FAILED
0xE6FB	0x3F40E6FB	ESP_ERR_MBEDTLS_SSL_SET_HOSTNAME_FAILED
0xE723	0x3F40E723	ESP_ERR_MBEDTLS_SSL_CONFIG_DEFAULTS_FAILED
0xE74E	0x3F40E74E	ESP_ERR_MBEDTLS_SSL_CONF_ALPN_PROTOCOLS_FAILED
0xE77D	0x3F40E77D	ESP_ERR_MBEDTLS_X509_CRT_PARSE_FAILED
0xE7A3	0x3F40E7A3	ESP_ERR_MBEDTLS_SSL_CONF_OWN_CERT_FAILED
0xE7CC	0x3F40E7CC	ESP_ERR_MBEDTLS_SSL_SETUP_FAILED
0xE7ED	0x3F40E7ED	ESP_ERR_MBEDTLS_SSL_WRITE_FAILED
0xE80E	0x3F40E80E	ESP_ERR_MBEDTLS_PK_PARSE_KEY_FAILED
0xE832	0x3F40E832	ESP_ERR_MBEDTLS_SSL_HANDSHAKE_FAILED
0xE857	0x3F40E857	ESP_ERR_MBEDTLS_SSL_CONF_PSK_FAILED
0xE87B	0x3F40E87B	ESP_ERR_MBEDTLS_SSL_TICKET_SETUP_FAILED
0xE8A3	0x3F40E8A3	ESP_ERR_WOLFSSL_SSL_SET_HOSTNAME_FAILED
0xE8CB	0x3F40E8CB	ESP_ERR_WOLFSSL_SSL_CONF_ALPN_PROTOCOLS_FAILED
0xE8FA	0x3F40E8FA	ESP_ERR_WOLFSSL_CERT_VERIFY_SETUP_FAILED
0xE923	0x3F40E923	ESP_ERR_WOLFSSL_KEY_VERIFY_SETUP_FAILED
0xE94B	0x3F40E94B	ESP_ERR_WOLFSSL_SSL_HANDSHAKE_FAILED
0xE970	0x3F40E970	ESP_ERR_WOLFSSL_CTX_SETUP_FAILED
0xE991	0x3F40E991	ESP_ERR_WOLFSSL_SSL_SETUP_FAILED
0xE9B2	0x3F40E9B2	ESP_ERR_WOLFSSL_SSL_WRITE_FAILED
0xE9D3	0x3F40E9D3	ESP_ERR_HTTPS_OTA_BASE
0xE9EA	0x3F40E9EA	ESP_ERR_HTTPS_OTA_IN_PROGRESS
0xEA08	0x3F40EA08	ESP_ERR_PING_BASE
0xEA1A	0x3F40EA1A	ESP_ERR_PING_INVALID_PARAMS
0xEA36	0x3F40EA36	ESP_ERR_PING_NO_MEM
0xEA4A	0x3F40EA4A	ESP_ERR_HTTPD_BASE
0xEA5D	0x3F40EA5D	ESP_ERR_HTTPD_HANDLERS_FULL
0xEA79	0x3F40EA79	ESP_ERR_HTTPD_HANDLER_EXISTS
0xEA96	0x3F40EA96	ESP_ERR_HTTPD_INVALID_REQ
0xEAB0	0x3F40EAB0	ESP_ERR_HTTPD_RESULT_TRUNC
0xEACB	0x3F40EACB	ESP_ERR_HTTPD_RESP_HDR
0xEAE2	0x3F40EAE2	ESP_ERR_HTTPD_RESP_SEND
0xEAFA	0x3F40EAFA	ESP_ERR_HTTPD_ALLOC_MEM
0xEB12	0x3F40EB12	ESP_ERR_HTTPD_TASK
0xEB25	0x3F40EB25	ESP_ERR_HW_CRYPTO_BASE
0xEB3C	0x3F40EB3C	ESP_ERR_HW_CRYPTO_DS_HMAC_FAIL
0xEB5B	0x3F40EB5B	ESP_ERR_HW_CRYPTO_DS_INVALID_KEY
0xEB7C	0x3F40EB7C	ESP_ERR_HW_CRYPTO_DS_INVALID_DIGEST
0xEBA0	0x3F40EBA0	ESP_ERR_HW_CRYPTO_DS_INVALID_PADDING
0xEBC5	0x3F40EBC5	ESP_ERR_MEMPROT_BASE
0xEBDA	0x3F40EBDA	ESP_ERR_MEMPROT_MEMORY_TYPE_INVALID
0xEBFE	0x3F40EBFE	ESP_ERR_MEMPROT_SPLIT_ADDR_INVALID
0xEC21	0x3F40EC21	ESP_ERR_MEMPROT_SPLIT_ADDR_OUT_OF_RANGE
0xEC49	0x3F40EC49	ESP_ERR_MEMPROT_SPLIT_ADDR_UNALIGNED
0xEC6E	0x3F40EC6E	ESP_ERR_MEMPROT_UNIMGMT_BLOCK_INVALID
0xEC94	0x3F40EC94	ESP_ERR_MEMPROT_WORLD_INVALID
0xECB2	0x3F40ECB2	ESP_ERR_MEMPROT_AREA_INVALID
0xF376	0x3F40F376	@?esp_timer
0xF382	0x3F40F382	ETSTimer
0xF38B	0x3F40F38B	esp_timer_create(&create_args, (esp_timer_handle_t*)&(ptimer->timer_arg))
0xF3D5	0x3F40F3D5	timer_initialized(ptimer)
0xF420	0x3F40F420	esp_timer_start_once(ESP_TIMER(ptimer), time_us)
0xF451	0x3F40F451	esp_timer_start_periodic(ESP_TIMER(ptimer), time_us)
0xF486	0x3F40F486	ets_timer_arm
0xF494	0x3F40F494	ets_timer_arm_us
0xF4A5	0x3F40F4A5	ets_timer_setfn
0xF4B5	0x3F40F4B5	apb_ticks_per_us >= 3 && "divider value too low"
0xF519	0x3F40F519	apb_ticks_per_us % TICKS_PER_US == 0 && "APB frequency (in MHz) should be divisible by TICK_PER_US"
0xF57D	0x3F40F57D	esp_timer_impl
0xF5B6	0x3F40F5B6	esp_intr_enable(s_timer_interrupt_handle)
0xF5E0	0x3F40F5E0	esp_timer_impl_init
0xF5F4	0x3F40F5F4	esp_timer_impl_update_apb_freq
0xF613	0x3F40F613	( uint32_t ) p >= frame->a1
0xF69C	0x3F40F69C	result == core_id || result == SPINLOCK_FREE
0xF6CC	0x3F40F6CC	(result == SPINLOCK_FREE) == (lock->count == 0)
0xF6FC	0x3F40F6FC	lock->count < 0xFF
0xF710	0x3F40F710	core_id == lock->owner
0xF728	0x3F40F728	lock->count < 0x100
0xF73C	0x3F40F73C	***ERROR*** A stack overflow in task 
0xF762	0x3F40F762	 has been detected.
0xF776	0x3F40F776	spinlock_release
0xF787	0x3F40F787	spinlock_acquire
0xF798	0x3F40F798	pxPortInitialiseStack
0xF7D4	0x3F40F7D4	esp_task_wdt_init(CONFIG_ESP_TASK_WDT_TIMEOUT_S, true)
0xF80B	0x3F40F80B	esp_task_wdt_add(idle_0)
0xF829	0x3F40F829	res == pdTRUE
0xF863	0x3F40F863	pxTCBBufferTemp != NULL
0xF87B	0x3F40F87B	pxStackBufferTemp != NULL
0xF895	0x3F40F895	vApplicationGetIdleTaskMemory
0xF8B3	0x3F40F8B3	main_task
0xF8BD	0x3F40F8BD	esp_startup_start_app_common
0xF8DA	0x3F40F8DA	pxEventGroupBuffer
0xF915	0x3F40F915	xSize == sizeof( EventGroup_t )
0xF935	0x3F40F935	xEventGroup
0xF941	0x3F40F941	( uxBitsToWaitFor & 0xff000000UL ) == 0
0xF969	0x3F40F969	uxBitsToWaitFor != 0
0xF97E	0x3F40F97E	!( ( xTaskGetSchedulerState() == ( ( BaseType_t ) 0 ) ) && ( xTicksToWait != 0 ) )
0xF9D1	0x3F40F9D1	( uxBitsToClear & 0xff000000UL ) == 0
0xF9F7	0x3F40F9F7	( uxBitsToSet & 0xff000000UL ) == 0
0xFA1B	0x3F40FA1B	pxTasksWaitingForBits->xListEnd.pxNext != ( const ListItem_t * ) &( pxTasksWaitingForBits->xListEnd )
0xFA81	0x3F40FA81	vEventGroupDelete
0xFA93	0x3F40FA93	xEventGroupSetBits
0xFAA6	0x3F40FAA6	xEventGroupClearBits
0xFABB	0x3F40FABB	xEventGroupWaitBits
0xFACF	0x3F40FACF	pxQueueSetContainer
0xFB04	0x3F40FB04	pxQueueSetContainer->uxMessagesWaiting < pxQueueSetContainer->uxLength
0xFB4B	0x3F40FB4B	pxQueue
0xFB53	0x3F40FB53	uxQueueLength > ( UBaseType_t ) 0
0xFB75	0x3F40FB75	pxStaticQueue != ((void *)0)
0xFB92	0x3F40FB92	!( ( pucQueueStorage != ((void *)0) ) && ( uxItemSize == 0 ) )
0xFBD1	0x3F40FBD1	!( ( pucQueueStorage == ((void *)0) ) && ( uxItemSize != 0 ) )
0xFC10	0x3F40FC10	xSize == sizeof( Queue_t )
0xFC2B	0x3F40FC2B	( uxItemSize == 0 ) || ( uxQueueLength == ( xQueueSizeInBytes / uxItemSize ) )
0xFC7A	0x3F40FC7A	( sizeof( Queue_t ) + xQueueSizeInBytes ) > xQueueSizeInBytes
0xFCB8	0x3F40FCB8	uxMaxCount != 0
0xFCC8	0x3F40FCC8	uxInitialCount <= uxMaxCount
0xFCE5	0x3F40FCE5	!( ( pvItemToQueue == ((void *)0) ) && ( pxQueue->uxItemSize != ( UBaseType_t ) 0U ) )
0xFD3C	0x3F40FD3C	!( ( xCopyPosition == ( ( BaseType_t ) 2 ) ) && ( pxQueue->uxLength != 1 ) )
0xFD89	0x3F40FD89	pxQueue->pcHead != ((void *)0) || pxQueue->u.xSemaphore.xMutexHolder == ((void *)0) || pxQueue->u.xSemaphore.xMutexHolder == xTaskGetCurrentTaskHandle()
0xFE22	0x3F40FE22	pxMutex
0xFE2A	0x3F40FE2A	pxQueue->uxItemSize == 0
0xFE43	0x3F40FE43	!( ( pxQueue->pcHead == ((void *)0) ) && ( pxQueue->u.xSemaphore.xMutexHolder != ((void *)0) ) )
0xFEA4	0x3F40FEA4	( pxQueue )
0xFEB0	0x3F40FEB0	!( ( ( pvBuffer ) == ((void *)0) ) && ( ( pxQueue )->uxItemSize != ( UBaseType_t ) 0U ) )
0xFF0A	0x3F40FF0A	!( ( pvBuffer == ((void *)0) ) && ( pxQueue->uxItemSize != ( UBaseType_t ) 0U ) )
0xFF5C	0x3F40FF5C	vQueueDelete
0xFF69	0x3F40FF69	uxQueueMessagesWaiting
0xFF80	0x3F40FF80	xQueueReceiveFromISR
0xFF95	0x3F40FF95	xQueueSemaphoreTake
0xFFA9	0x3F40FFA9	xQueueReceive
0xFFB7	0x3F40FFB7	xQueueGiveFromISR
0xFFC9	0x3F40FFC9	xQueueGenericSendFromISR
0xFFE2	0x3F40FFE2	prvNotifyQueueSetContainer
0xFFFD	0x3F40FFFD	xQueueGenericSend
0x1000F	0x3F41000F	xQueueCreateCountingSemaphore
0x1002D	0x3F41002D	xQueueCreateCountingSemaphoreStatic
0x10051	0x3F410051	xQueueTakeMutexRecursive
0x1006A	0x3F41006A	xQueueGiveMutexRecursive
0x10083	0x3F410083	xQueueGenericCreate
0x10097	0x3F410097	xQueueGenericCreateStatic
0x100B1	0x3F4100B1	xQueueGenericReset
0x100C4	0x3F4100C4	pxTCB
0x100EB	0x3F4100EB	pxTCB->ucStaticallyAllocated == ( ( uint8_t ) 2 )
0x1011D	0x3F41011D	xPortCheckValidTCBMem(pxTaskBuffer)
0x10141	0x3F410141	xPortcheckValidStackMem(pxStackBuffer)
0x10168	0x3F410168	(xCoreID>=0 && xCoreID<2) || (xCoreID==( 0x7FFFFFFF ))
0x1019F	0x3F41019F	xSize == sizeof( TCB_t )
0x101B8	0x3F4101B8	cpuid < 2
0x101C2	0x3F4101C2	( xIdleTaskHandle[cpuid] != ((void *)0) )
0x101EC	0x3F4101EC	( ( ( ( pxDelayedTaskList )->uxNumberOfItems == ( UBaseType_t ) 0 ) ? ( ( BaseType_t ) 1 ) : ( ( BaseType_t ) 0 ) ) )
0x10262	0x3F410262	xTaskScheduled == pdTRUE
0x1027B	0x3F41027B	pxEventList
0x10287	0x3F410287	pxUnblockedTCB
0x10296	0x3F410296	pxTimeOut
0x102A0	0x3F4102A0	pxTicksToWait
0x102AE	0x3F4102AE	( uxNewPriority < ( 25 ) )
0x102C9	0x3F4102C9	suspended == 0
0x102D8	0x3F4102D8	xTaskGetSchedulerState() != ( ( BaseType_t ) 0 )
0x10309	0x3F410309	xTaskGetSchedulerState() != ( ( BaseType_t ) 2 )
0x1033A	0x3F41033A	xNextTaskUnblockTime >= xTickCount
0x1035D	0x3F41035D	pxTCB == pxCurrentTCB[xPortGetCoreID()]
0x10385	0x3F410385	pxTCB->uxMutexesHeld
0x1039A	0x3F41039A	pxTCB != pxCurrentTCB[xPortGetCoreID()]
0x103C2	0x3F4103C2	uxIndexToWait < 1
0x103D4	0x3F4103D4	uxIndexToNotify < 1
0x103E8	0x3F4103E8	xTaskToNotify
0x103F6	0x3F4103F6	pxTCB->ulNotifiedValue[ uxIndexToNotify ] == ~0UL
0x10428	0x3F410428	( ( &( pxTCB->xEventListItem ) )->pvContainer ) == ((void *)0)
0x104C0	0x3F4104C0	xReturn != ( -1 )
0x104D2	0x3F4104D2	prvTaskPriorityRaise
0x104E7	0x3F4104E7	vTaskGenericNotifyGiveFromISR
0x10505	0x3F410505	ulTaskGenericNotifyTake
0x1051D	0x3F41051D	vTaskPriorityDisinheritAfterTimeout
0x10541	0x3F410541	xTaskPriorityDisinherit
0x10559	0x3F410559	xTaskCheckForTimeOut
0x1056E	0x3F41056E	vTaskRemoveFromUnorderedEventList
0x10590	0x3F410590	xTaskRemoveFromEventList
0x105A9	0x3F4105A9	vTaskPlaceOnUnorderedEventList
0x105C8	0x3F4105C8	vTaskPlaceOnEventList
0x105DE	0x3F4105DE	taskSelectHighestPriorityTaskSMP
0x10613	0x3F410613	xTaskIncrementTick
0x10626	0x3F410626	xTaskGetIdleTaskHandleForCPU
0x10643	0x3F410643	pcTaskGetName
0x10651	0x3F410651	xTaskResumeAll
0x10660	0x3F410660	vTaskStartScheduler
0x10674	0x3F410674	vTaskSuspend
0x10681	0x3F410681	vTaskPrioritySet
0x10692	0x3F410692	vTaskDelay
0x1069D	0x3F41069D	prvDeleteTCB
0x106AA	0x3F4106AA	prvDeleteTLS
0x106B7	0x3F4106B7	vTaskDelete
0x106C3	0x3F4106C3	xTaskCreateStaticPinnedToCore
0x10711	0x3F410711	lock != NULL && "Uninitialized lock used"
0x1073B	0x3F41073B	xQueueGetMutexHolder( ( h ) ) == ((void *)0)
0x10768	0x3F410768	handle == (SemaphoreHandle_t) &s_common_mutex
0x10796	0x3F410796	handle == (SemaphoreHandle_t) &s_common_recursive_mutex
0x107CE	0x3F4107CE	esp_newlib_locks_init
0x107E4	0x3F4107E4	check_lock_nonzero
0x107F7	0x3F4107F7	lock_release_generic
0x1080C	0x3F41080C	lock_acquire_generic
0x10821	0x3F410821	_lock_close
0x1082D	0x3F41082D	try_heap_caps_add_region(mem_start, mem_end)
0x10882	0x3F410882	esp_bt_controller_mem_release
0x108A0	0x3F4108A0	xSemaphoreGive(prov_ctx_lock) == pdTRUE
0x108F8	0x3F4108F8	wifi_prov_mgr
0x10940	0x3F410940	xSemaphoreTake(prov_ctx_lock, portMAX_DELAY) == pdTRUE
0x10AFE	0x3F410AFE	prov_stop_task
0x10B6C	0x3F410B6C	prov_stop_task
0x10B7B	0x3F410B7B	wifi_prov_mgr_event_handler_internal
0x10BA0	0x3F410BA0	wifi_prov_mgr_stop_service
0x10BBB	0x3F410BBB	wifi_prov_mgr_deinit
0x10BD0	0x3F410BD0	execute_event_cb
0x10BE1	0x3F410BE1	WIFI_PROV_EVENT
0x10BF1	0x3F410BF1	arch_main.c
0x10BFD	0x3F410BFD	BTDM ROM VERSION %04x
0x10C14	0x3F410C14	BD_ADDR: %02X:%02X:%02X:%02X:%02X:%02X
0x10C3C	0x3F410C3C	BTDM CONTROLLER VERSION: %06x
0x10C64	0x3F410C64	Apr 11 2023
0x10C70	0x3F410C70	BTDM CONTROLLER DATE: %s %s
0x10C8D	0x3F410C8D	BTDM CPUID 0x%08X
0x10CA0	0x3F410CA0	Enable Classic BT
0x10CB3	0x3F410CB3	Enable Low Energy
0x10CC6	0x3F410CC6	Coex register bt cb faild
0x10CE1	0x3F410CE1	Coex register schm btdm cb faild
0x10D03	0x3F410D03	Coex register Wi-Fi channel change btdm cb faild
0x10D35	0x3F410D35	Disable Classic BT
0x10D49	0x3F410D49	Disable Low Energy
0x10D5D	0x3F410D5D	Heap MSG [%p], Heap ENV [%p], Heap NORET [%p]
0x10D8B	0x3F410D8B	                             Uart ENV [%p], VHCI ENV [%p], PLF FUNCS [%p]
0x10DD6	0x3F410DD6	btController
0x10DE3	0x3F410DE3	97e0759
0x10DEB	0x3F410DEB	SCHM PROC %02x %02x, %p
0x10E04	0x3F410E04	coex_schm.c
0x10E5F	0x3F410E5F	@ea.c
0x10E74	0x3F410E74	BBL6B
0x10EEA	0x3F410EEA	A?hci_tl.c
0x10EF5	0x3F410EF5	huart.c
0x10EFD	0x3F410EFD	uart_env_p != NULL
0x10F10	0x3F410F10	bufptr != NULL
0x10F1F	0x3F410F1F	callback != NULL
0x10F30	0x3F410F30	size != 0
0x10F3A	0x3F410F3A	ke_task.c
0x10F44	0x3F410F44	lc_lmppdu.c
0x10F50	0x3F410F50	elt->param
0x10F60	0x3F410F60	Not support sniff attempt(%x) large than 0xFF, request with 0xFF
0x10FA2	0x3F410FA2	Not support sniff attempt(%x) large than 0xFF
0x10FD1	0x3F410FD1	Sync Link Number[%d], Mask other Sync Links, Param[0x%08x]
0x1100D	0x3F41100D	lc_sniff.c
0x11018	0x3F411018	lc_task.c
0x11022	0x3F411022	Not support sniff attempt large than 0xFF, change %x to 0xFF
0x112F7	0x3F4112F7	@ld_acl.c
0x11301	0x3F411301	sco_par->data_path == AUDIO_DATA_PATH_HCI
0x1132B	0x3F41132B	acl_par->data_len == 0
0x11342	0x3F411342	acl_buf_elt != NULL
0x11356	0x3F411356	acl_par->next_buf_elt == NULL
0x11374	0x3F411374	(((uint16_t)txtype << 3) & ~((uint16_t)0x00000078)) == 0
0x113AD	0x3F4113AD	(((uint16_t)txlength << 3) & ~((uint16_t)0x00001FF8)) == 0
0x113E8	0x3F4113E8	(localVal & ~((uint16_t)0x000007FF)) == 0
0x11412	0x3F411412	(localVal & ~((uint16_t)0x000003FF)) == 0
0x1143C	0x3F41143C	(((uint16_t)aclincpriostep << 13) & ~((uint16_t)0x0000E000)) == 0
0x1147E	0x3F41147E	(((uint16_t)aclminprio << 8) & ~((uint16_t)0x00001F00)) == 0
0x114BB	0x3F4114BB	(((uint16_t)accurrentprio << 0) & ~((uint16_t)0x0000001F)) == 0
0x114FB	0x3F4114FB	(((uint16_t)escoincpriostep << 13) & ~((uint16_t)0x0000E000)) == 0
0x1153E	0x3F41153E	(((uint16_t)escominprio << 8) & ~((uint16_t)0x00001F00)) == 0
0x1157C	0x3F41157C	(((uint16_t)escocurrentprio << 0) & ~((uint16_t)0x0000001F)) == 0
0x115BE	0x3F4115BE	(((uint16_t)bitoff << 0) & ~((uint16_t)0x000003FF)) == 0
0x115F7	0x3F4115F7	(((uint16_t)rxwinsz << 0) & ~((uint16_t)0x00000FFF)) == 0
0x11631	0x3F411631	ld_fm.c
0x11639	0x3F411639	link_id < MAX_NB_ACTIVE_ACL
0x11655	0x3F411655	co_list_is_empty(&ld_fm_env.fifo) || (timestamp != ((struct ld_fm_frm_elt*)ld_fm_env.fifo.last)->timestamp)
0x116C1	0x3F4116C1	(((uint16_t)vxchan << 8) & ~((uint16_t)0x00000300)) == 0
0x116FA	0x3F4116FA	(((uint16_t)csptr << 0) & ~((uint16_t)0x00007FFF)) == 0
0x11732	0x3F411732	(localVal & ~((uint32_t)0x0FFFFFFF)) == 0
0x1175C	0x3F41175C	acl_par->nb_prog > 0
0x11771	0x3F411771	(EM_BT_RXDESC_OFFSET + ld_env.curr_rxdesc_index * REG_EM_BT_RXDESC_SIZE) == bt_et_currentrxdescptr_currentrxdescptr_getf()
0x117EC	0x3F4117EC	ld_inq.c
0x117F5	0x3F4117F5	(((uint32_t)prefetchaborttime << 16) & ~((uint32_t)0x03FF0000)) == 0
0x1183A	0x3F41183A	(((uint32_t)prefetchtime << 0) & ~((uint32_t)0x000001FF)) == 0
0x11879	0x3F411879	ld_sched.c
0x11889	0x3F411889	);llc.c
0x11891	0x3F411891	EE elt %p, ts %u, %d
0x118A7	0x3F4118A7	lld_evt.c
0x118B1	0x3F4118B1	(((uint16_t)rxwinsz << 0) & ~((uint16_t)0x00003FFF)) == 0
0x118EB	0x3F4118EB	CO First, elt %p
0x118FD	0x3F4118FD	CO [%u], type %d, ts %u, ap %u %u, cs %d, met %u
0x1192F	0x3F41192F	new_wait_elt
0x1193C	0x3F41193C	evt->evt.conn.counter == evt->evt.conn.instant
0x1196B	0x3F41196B	set ble priority high. conhdl: 0x%x,evt_counter:%d,tx_pkg_cnt:%d
0x119AD	0x3F4119AD	lld.c
0x119B3	0x3F4119B3	(((uint16_t)prioincstep << 13) & ~((uint16_t)0x0000E000)) == 0
0x119F2	0x3F4119F2	(((uint16_t)minprio << 8) & ~((uint16_t)0x00001F00)) == 0
0x11A2C	0x3F411A2C	(((uint16_t)currentprio << 0) & ~((uint16_t)0x0000001F)) == 0
0x11A6A	0x3F411A6A	(((uint16_t)advbdaddrtype << 0) & ~((uint16_t)0x00000001)) == 0
0x11AAA	0x3F411AAA	scan channel select mode user input error
0x11AD5	0x3F411AD5	scan_par->window != 0
0x11AEB	0x3F411AEB	lld_pdu.c
0x11AF5	0x3F411AF5	%s HCI packet count mismatch (%d, %d)
0x11B1C	0x3F411B1C	(((uint16_t)nextptr << 0) & ~((uint16_t)0x00007FFF)) == 0
0x11B56	0x3F411B56	ram_lld_pdu_tx_flush
0x11B6B	0x3F411B6B	lld_pdu_get_tx_flush_nb
0x11B83	0x3F411B83	llm_hci.c
0x11B8D	0x3F411B8D	( ( ( (en_cmd->enable) << (LLM_RPA_RENEW_TIMER_EN_LSB) ) & ( ~(LLM_RPA_RENEW_TIMER_EN_MASK) ) ) ) == 0
0x11BF4	0x3F411BF4	llm_le_env.advertising_params
0x11C12	0x3F411C12	llm.c
0x11C18	0x3F411C18	llm_le_env.scanning_params
0x11C33	0x3F411C33	co_list_extract(&llm_le_env.adv_list, element, 0)
0x11C65	0x3F411C65	co_list_extract(&le_scan_duplicate_option.mesh_adv_list, element, 0)
0x11CAA	0x3F411CAA	param->pk_payload_type < PAYL_END
0x11CCC	0x3F411CCC	(((uint16_t)txtype << 0) & ~((uint16_t)0x0000000F)) == 0
0x11D05	0x3F411D05	(((uint16_t)txrxadd << 7) & ~((uint16_t)0x00000080)) == 0
0x11D3F	0x3F411D3F	llm_util.c
0x11D4A	0x3F411D4A	ACL Link Number[%d], Mask other ACL Links
0x11D75	0x3F411D75	lm_env.local_name
0x11D87	0x3F411D87	lm_task.c
0x11D91	0x3F411D91	(lm_env.create_con_cmd != NULL) || (lm_env.rem_name_req_cmd != NULL) || (lm_env.trunc_page_cmd != NULL)
0x11DF9	0x3F411DF9	!memcmp(&param->bd_addr.addr[0], &lm_env.create_con_cmd->bd_addr.addr[0], BD_ADDR_LEN)
0x11E50	0x3F411E50	NVDS MAGIC FAILED
0x11ECF	0x3F411ECF	@Set BREDR TX POWER min %d max %d
0x11EF2	0x3F411EF2	RF Init OK with coex
0x11F08	0x3F411F08	BT BB INTR enabled!
0x11F2C	0x3F411F2C	rwble.c
0x11F34	0x3F411F34	rwbt.c
0x11F3B	0x3F411F3B	lpcycles < 1000000
0x11F4E	0x3F411F4E	%s ENV %p, %d, MSG %p %d, NORET %p %d
0x11F75	0x3F411F75	rwip.c
0x11F7C	0x3F411F7C	r_rwip_init
0x11F88	0x3F411F88	Send Queue Failed
0x11F9B	0x3F411F9B	vhci.c
0x11FA2	0x3F411FA2	VHCI: Controller is not run
0x12008	0x3F412008	intc.c
0x1200F	0x3F41200F	osi_ints_on != NULL
0x12023	0x3F412023	osi_set_interrupt_handler != NULL
0x1208B	0x3F41208B	?blk >= 0 && blk < EFUSE_BLK_MAX
0x120DA	0x3F4120DA	num_reg <= (range_read_addr_blocks[blk].end - range_read_addr_blocks[blk].start) / sizeof(uint32_t)
0x1213E	0x3F41213E	"(Cannot use REG_READ for DPORT registers use DPORT_REG_READ)" && (!((((addr_wr_reg)) >= 0x3ff00000) && ((addr_wr_reg)) <= 0x3ff13FFC))
0x121C6	0x3F4121C6	efuse
0x12207	0x3F412207	bits_counter <= req_size
0x12220	0x3F412220	"(Cannot use REG_READ for DPORT registers use DPORT_REG_READ)" && (!((((range_read_addr_blocks[blk].start + num_reg * 4)) >= 0x3ff00000) && ((range_read_addr_blocks[blk].start + num_reg * 4)) <= 0x3ff13FFC))
0x122F0	0x3F4122F0	esp_efuse_utility_read_reg
0x1230B	0x3F41230B	esp_efuse_utility_process
0x12325	0x3F412325	cpuid == xPortGetCoreID()
0x12365	0x3F412365	ipc%d
0x1236B	0x3F41236B	ipc_task
0x12374	0x3F412374	esp_ipc_init
0x123B7	0x3F4123B7	esp_ipc_isr_release_other_cpu
0x12413	0x3F412413	ADCADC_NUM_1 channel error
0x1242E	0x3F41242E	wifi release called before acquire
0x12451	0x3F412451	adc2_wifi_release
0x12463	0x3F412463	adc_power_release
0x12475	0x3F412475	start != ((void *)0)
0x124BD	0x3F4124BD	esp_core_dump_get_user_ram_info
0x124DD	0x3F4124DD	checksum_size <= 32
0x12523	0x3F412523	Calculated checksum
0x12537	0x3F412537	Image checksum
0x12546	0x3F412546	esp_core_dump_image_check
0x12565	0x3F412565	ESP_CORE_DUMP_INFO
0x12578	0x3F412578	EXTRA_INFO
0x12583	0x3F412583	elf_write_core_dump_info
0x1259C	0x3F41259C	elf_write_core_dump_user_data
0x125BA	0x3F4125BA	elf_add_segment
0x125CA	0x3F4125CA	elf_save_task
0x125D8	0x3F4125D8	elf_write_segment_header
0x125F1	0x3F4125F1	elf_process_note_segment
0x1260A	0x3F41260A	elf_write_note
0x12619	0x3F412619	elf_add_note
0x12626	0x3F412626	elf_process_tasks_regs
0x1263D	0x3F41263D	elf_write_tasks_data
0x12652	0x3F412652	elf_write_file_header
0x12668	0x3F412668	esp_core_dump_do_write_elf_pass
0x12688	0x3F412688	esp_core_dump_write_elf
0x126A0	0x3F4126A0	stk_paddr != ((void *)0) && stk_vaddr != ((void *)0)
0x12741	0x3F412741	esp_core_dump_get_task_regs_dump
0x12762	0x3F412762	esp_core_dump_get_stack
0x1277A	0x3F41277A	cks_ctx
0x127E8	0x3F4127E8	checksum != ((void *)0)
0x12800	0x3F412800	esp_core_dump_print_checksum
0x1281D	0x3F41281D	esp_core_dump_checksum_finish
0x1283B	0x3F41283B	esp_core_dump_checksum_update
0x1285D	0x3F41285D	phy_init
0x128C1	0x3F4128C1	cal_version
0x128CD	0x3F4128CD	cal_mac
0x128D5	0x3F4128D5	esp_efuse_mac_get_default(sta_mac)
0x1299D	0x3F41299D	cal_data
0x12AED	0x3F412AED	esp_phy_load_cal_and_init
0x12B07	0x3F412B07	store_cal_data_to_nvs_handle
0x12B24	0x3F412B24	load_cal_data_from_nvs_handle
0x12B42	0x3F412B42	esp_phy_load_cal_data_from_nvs
0x12B8D	0x3F412B8D	NHB<84
0x12DE4	0x3F412DE4	Init Counter
0x12DF1	0x3F412DF1	Group key expansion
0x12E05	0x3F412E05	IGTK key expansion
0x12E3F	0x3F412E3F	SAE Hunting and Pecking
0x12E57	0x3F412E57	SAE Hash to Element
0x12E6B	0x3F412E6B	SAE Hash to Element u1 P1
0x12E85	0x3F412E85	SAE Hash to Element u2 P2
0x12E9F	0x3F412E9F	SAE KCK and PMK
0x12F20	0x3F412F20	1/?cz&!t
0x13139	0x3F413139	2cV]8
0x13148	0x3F413148	h^j@GPm|_}
0x13174	0x3F413174	.2!Zd
0x13201	0x3F413201	H:XV`
0x133FE	0x3F4133FE	Z}wSn
0x13742	0x3F413742	vr8^T:l)U
0x137F9	0x3F4137F9	^1kW3
0x138D2	0x3F4138D2	DPV2A
0x13985	0x3F413985	SHA224
0x1398C	0x3F41398C	SHA256
0x13993	0x3F413993	SHA384
0x1399A	0x3F41399A	SHA512
0x13A08	0x3F413A08	x->n >= num_words
0x13A46	0x3F413A46	mem_block_to_mpi
0x13C65	0x3F413C65	D7q/;M
0x13ED6	0x3F413ED6	Dlnew_engine != NULL
0x13F22	0x3F413F22	engines_in_use <= 3
0x13F36	0x3F413F36	uxSemaphoreGetCount(engine_state) == 0 && "SHA engine should be locked"
0x13F7E	0x3F413F7E	esp_sha_block
0x13F8C	0x3F413F8C	esp_sha_read_digest_state
0x13FA6	0x3F413FA6	sha_get_engine_state
0x13FBB	0x3F413FBB	esp_sha_lock_engine_common
0x13FD6	0x3F413FD6	Invalid coexist adapter function md5, internal: %s, idf: %s
0x14013	0x3F414013	coexist adapter function is NULL
0x14034	0x3F414034	coexist adapter function version error! Version %x is expected, but it is %x
0x14082	0x3F414082	coexist adapter function magic error! Magic %x is expected, but it is %x
0x140CC	0x3F4140CC	9da3695
0x140D4	0x3F4140D4	0f80fa0
0x140DC	0x3F4140DC	coexist_core.c
0x140EB	0x3F4140EB	coexist_arbit.c
0x140FB	0x3F4140FB	OS adapter function is NULL
0x14117	0x3F414117	OS adapter function version error! Version %d is expected, but it is %x
0x14160	0x3F414160	OS adapter function magic error! Magic %d is expected, but it is %x
0x141A5	0x3F4141A5	Invalid OSI esp_wifi_os_adapter.h md5, internal: %s, idf: %s
0x141E3	0x3F4141E3	Invalid WiFi esp_wifi_crypto_types.h md5, internal: %s, idf: %s
0x14224	0x3F414224	Invalid WiFi esp_wifi_types.h md5, internal: %s, idf: %s
0x1425E	0x3F41425E	Invalid WiFi esp_wifi.h md5, internal: %s, idf: %s
0x14292	0x3F414292	config is NULL
0x142A1	0x3F4142A1	WIFI_MESH_EVENT
0x142B1	0x3F4142B1	af41738
0x142B9	0x3F4142B9	a5d52e9
0x142C1	0x3F4142C1	26681ce
0x142C9	0x3F4142C9	05c2f7f
0x142D7	0x3F4142D7	ieee80211_crypto.c
0x142FD	0x3F4142FD	bcn/probe
0x14310	0x3F414310	amsdu
0x14316	0x3F414316	action
0x1431D	0x3F41431D	deauth
0x14324	0x3F414324	assoc
0x1432A	0x3F41432A	ap_tx
0x14330	0x3F414330	sta_tx
0x1433B	0x3F41433B	reorder
0x14343	0x3F414343	ps_uc1
0x1434A	0x3F41434A	psq_uc
0x14351	0x3F414351	psq_mc
0x14358	0x3F414358	psq_tx
0x1435F	0x3F41435F	ieee80211_hostap.c
0x1437E	0x3F41437E	ieee80211_ht.c
0x1439D	0x3F41439D	ieee80211_input.c
0x143AF	0x3F4143AF	group cipher suite
0x143C2	0x3F4143C2	pairwise cipher suite count
0x143DE	0x3F4143DE	pairwise cipher suite
0x143F4	0x3F4143F4	AKM suite count
0x14404	0x3F414404	AKM suite
0x14412	0x3F414412	PMKID count
0x1441E	0x3F41441E	PMKID list
0x14429	0x3F414429	Group Mgmt cipher suite
0x14470	0x3F414470	ieee80211_ioctl.c
0x14482	0x3F414482	enabled
0x1448A	0x3F41448A	disabled
0x14499	0x3F414499	wpa_crypto_funcs_init
0x144AF	0x3F4144AF	opmode
0x144B6	0x3F4144B6	sta.ssid
0x144BF	0x3F4144BF	sta.authmode
0x144CC	0x3F4144CC	sta.pswd
0x144D5	0x3F4144D5	sta.pmk
0x144DD	0x3F4144DD	sta.chan
0x144E6	0x3F4144E6	auto.conn
0x144F0	0x3F4144F0	bssid.set
0x144FA	0x3F4144FA	sta.bssid
0x14504	0x3F414504	sta.lis_intval
0x14513	0x3F414513	sta.phym
0x1451C	0x3F41451C	sta.phybw
0x14526	0x3F414526	sta.apsw
0x1452F	0x3F41452F	sta.apinfo
0x1453A	0x3F41453A	sta.scan_method
0x1454A	0x3F41454A	sta.sort_method
0x1455A	0x3F41455A	sta.minrssi
0x14566	0x3F414566	sta.minauth
0x14572	0x3F414572	sta.pmf_e
0x1457C	0x3F41457C	sta.pmf_r
0x14586	0x3F414586	sta.btm_e
0x14590	0x3F414590	sta.rrm_e
0x1459A	0x3F41459A	sta.mbo_e
0x145A4	0x3F4145A4	ap.ssid
0x145AC	0x3F4145AC	ap.passwd
0x145B6	0x3F4145B6	ap.pmk
0x145BD	0x3F4145BD	ap.chan
0x145C5	0x3F4145C5	ap.authmode
0x145D1	0x3F4145D1	ap.hidden
0x145DB	0x3F4145DB	ap.max.conn
0x145E7	0x3F4145E7	bcn.interval
0x145F4	0x3F4145F4	ap.phym
0x145FC	0x3F4145FC	ap.phybw
0x14605	0x3F414605	ap.sndchan
0x14610	0x3F414610	ap.pmf_e
0x14619	0x3F414619	ap.pmf_r
0x14622	0x3F414622	ap.p_cipher
0x1462E	0x3F41462E	lorate
0x14635	0x3F414635	country
0x1463D	0x3F41463D	ap.ftm_r
0x14646	0x3F414646	sta.trans_d
0x14652	0x3F414652	sta.sae_h2e
0x1465E	0x3F41465E	sta.bss_retry
0x1466C	0x3F41466C	ESP_%02X%02X%02X
0x1467D	0x3F41467D	nvs.net80211
0x146EB	0x3F4146EB	@ieee80211_output.c
0x14744	0x3F414744	lrbgn
0x1474D	0x3F41474D	ieee80211_phy.c
0x14927	0x3F414927	ieee80211_scan.c
0x14938	0x3F414938	unknown
0x14940	0x3F414940	from beacon
0x1494C	0x3F41494C	from user
0x14956	0x3F414956	ieee80211_sta.c
0x14977	0x3F414977	sleep
0x149A5	0x3F4149A5	CA?$CA?kIA?oIA?sIA?wIA?8IA?ieee80211_supplicant.c
0x149D7	0x3F4149D7	Invalid supplicant md5, internal: %s, idf: %s
0x14A06	0x3F414A06	c598b47
0x14A42	0x3F414A42	ieee80211_send_beacon
0x14A58	0x3F414A58	ieee80211_hostap_handle
0x14A70	0x3F414A70	ieee80211_timer_connect
0x14A88	0x3F414A88	ieee80211_scan_inter_chan
0x14AA2	0x3F414AA2	ieee80211_scan_enter_op_chan
0x14ABF	0x3F414ABF	ieee80211_csa
0x14ACD	0x3F414ACD	ieee80211_probe_send
0x14AE2	0x3F414AE2	ieee80211_beacon
0x14AF3	0x3F414AF3	ieee80211_handshake
0x14B07	0x3F414B07	ieee80211_chm_dwell
0x14B1B	0x3F414B1B	ieee80211_auth
0x14B2A	0x3F414B2A	ieee80211_assoc
0x14B3A	0x3F414B3A	ieee80211_sta_try_sa_query
0x14B55	0x3F414B55	ieee80211_sta_sa_query_timeout
0x14B74	0x3F414B74	ieee80211_sta_retry_assoc
0x14B8E	0x3F414B8E	ieee80211_coexist
0x14BA0	0x3F414BA0	wl_chm.c
0x14BA9	0x3F414BA9	wl_cnx.c
0x14BB2	0x3F414BB2	active
0x14BB9	0x3F414BB9	passive
0x14BCA	0x3F414BCA	WEP-40
0x14BD1	0x3F414BD1	WEP-104
0x14BD9	0x3F414BD9	Open Auth
0x14BE3	0x3F414BE3	WPA-PSK
0x14BEB	0x3F414BEB	WPA2-ENT
0x14BF4	0x3F414BF4	WPA2-PSK
0x14BFD	0x3F414BFD	WPA2-CCKM
0x14C07	0x3F414C07	WPA3-SAE
0x14C10	0x3F414C10	WAPI-PSK
0x14C19	0x3F414C19	WAPI-CERT
0x14C55	0x3F414C55	KA?ieee80211_action.c
0x14C74	0x3F414C74	lmac.c
0x14C93	0x3F414C93	@lmacTxDone
0x14C9F	0x3F414C9F	lmacTxFrame
0x14CAB	0x3F414CAB	lmacProcessTxError
0x14CBE	0x3F414CBE	lmacProcessTxRtsError
0x14CD4	0x3F414CD4	lmacProcessAckTimeout
0x14CEA	0x3F414CEA	lmacProcessCtsTimeout
0x14D00	0x3F414D00	lmacProcessLongRetryFail
0x14D19	0x3F414D19	lmacProcessShortRetryFail
0x14D33	0x3F414D33	lmacProcessTxComplete
0x14D49	0x3F414D49	lmacProcessCollision
0x14D5E	0x3F414D5E	lmacEndFrameExchangeSequence
0x14D7B	0x3F414D7B	lmacDiscardFrameExchangeSequence
0x14D9C	0x3F414D9C	lmacProcessTxSuccess
0x14FD7	0x3F414FD7	@trc.c
0x1513C	0x3F41513C	rcReachRetryLimit
0x1514E	0x3F41514E	rcGetRate
0x15158	0x3F415158	rcGetAmpduSched
0x15168	0x3F415168	wdev.c
0x1516F	0x3F41516F	wDevProcessDirtyBuf
0x15183	0x3F415183	wDev_AppendRxBlocks
0x15197	0x3F415197	wdevProcessRxSucDataAll
0x151AF	0x3F4151AF	wDev_ProcessRxSucData
0x151CB	0x3F4151CB	sc_sniffer.c
0x151D8	0x3F4151D8	smartconfig errno %d@%s %u
0x153EC	0x3F4153EC	__gnu_cxx::__concurrence_lock_error
0x15410	0x3F415410	__gnu_cxx::__concurrence_unlock_error
0x15436	0x3F415436	St9exception
0x15445	0x3F415445	UA?6TA?N9__gnu_cxx24__concurrence_lock_errorE
0x15474	0x3F415474	\UA?LTA?DTA?N9__gnu_cxx26__concurrence_unlock_errorE
0x154B1	0x3F4154B1	TA?DTA?
0x154DF	0x3F4154DF	@St9bad_alloc
0x154F5	0x3F4154F5	TA?DTA?
0x1552F	0x3F41552F	@std::bad_alloc
0x15581	0x3F415581	bad_function_call
0x15593	0x3F415593	St17bad_function_call
0x155B1	0x3F4155B1	UA?DTA?
0x15903	0x3F415903	@0000000000000000                INF
0x15934	0x3F415934	0123456789abcdef
0x15945	0x3F415945	0123456789ABCDEF
0x15BF3	0x3F415BF3	@0000000000000000                Infinity
0x15C21	0x3F415C21	REENT malloc succeeded
0x15CA6	0x3F415CA6	Balloc succeeded
0x15CB7	0x3F415CB7	POSIX
0x15DEA	0x3F415DEA	ASCII
0x15E0A	0x3F415E0A	ASCII
0x166F7	0x3F4166F7	@0000000000000000                wifi ipc: failed to post wifi task
0x1673B	0x3F41673B	failed to post event=%d ret=%d
0x1675A	0x3F41675A	wifi stop stage3: out of memory!
0x1677B	0x3F41677B	wifi stop stage2: out of memory!
0x1679C	0x3F41679C	wifi stop: out of memory!
0x167B6	0x3F4167B6	wifi deinit internal: wifi not stop
0x167DA	0x3F4167DA	alloc net80211 funcs fail
0x167F5	0x3F4167F5	MIC mismatch for the Bcast Mgmt frame(res=%d)
0x16823	0x3F416823	MIC computation for BIP Failed(res=%d)
0x1684A	0x3F41684A	BIP replay detected
0x1685E	0x3F41685E	Invalid MMIE
0x1686B	0x3F41686B	MIC mismatch for the Bcast Mgmt frame(res=%d)
0x16899	0x3F416899	MIC computation for BIP Failed(res=%d)
0x168C0	0x3F4168C0	BIP replay detected
0x168D4	0x3F4168D4	Invalid MMIE
0x169AC	0x3F4169AC	age_reorder: null rap
0x169DE	0x3F4169DE	rxa_eb mem fail tid=%d
0x169F5	0x3F4169F5	rap mem fail tid=%d
0x16A10	0x3F416A10	failed to start addba timer
0x16A2C	0x3F416A2C	addba index: unknow conn=%p
0x16A48	0x3F416A48	tap to index: null conn
0x16A60	0x3F416A60	tap to index: null bss
0x16A77	0x3F416A77	addba response cb: status %d not success, no need to configure hardware
0x16ABF	0x3F416ABF	addba response cb: ap bss deleted
0x16AE1	0x3F416AE1	addba response cb: ap conn deleted
0x16B04	0x3F416B04	addba response cb: bssid change from %02x:%02x:%02x:%02x:%02x:%02x to %02x:%02x:%02x:%02x:%02x:%02x
0x16B68	0x3F416B68	addba response cb: sta bss deleted
0x16B8B	0x3F416B8B	addba response cb: sta conn deleted
0x16BAF	0x3F416BAF	addba response invalid param
0x16BE8	0x3F416BE8	alloc challenge: out of memory!
0x16C0F	0x3F416C0F	ioctl_process: invalid arg
0x16C2A	0x3F416C2A	invalid ipc cfg
0x16C3A	0x3F416C3A	wpa2 ent enable, invalid param(%p)
0x16C5D	0x3F416C5D	wifi stop stage error, stage=%d
0x16C7E	0x3F416C7E	In function %s, fail to register function!
0x16CAB	0x3F416CAB	invalid core id %d
0x16CBE	0x3F416CBE	rx ba window %d error
0x16CD4	0x3F416CD4	management short buf number %d is out of range
0x16D03	0x3F416D03	tx buf type %d error
0x16D18	0x3F416D18	dynamic tx buf number %d is out of range
0x16D41	0x3F416D41	static tx buf number %d is out of range
0x16D69	0x3F416D69	dynamic rx buf number %d is out of range
0x16D92	0x3F416D92	static rx buf number %d is out of range
0x16DBA	0x3F416DBA	wpa crypto funcs expected size=%d version=%d, actual size=%d version=%d
0x16E02	0x3F416E02	invalid magic number %x, call WIFI_INIT_CONFIG_DEFAULT to init config
0x16E48	0x3F416E48	parameter config should not be NULL
0x16E96	0x3F416E96	sta is connecting, return error
0x16EB6	0x3F416EB6	init nvs: failed, ret=%x
0x16ECF	0x3F416ECF	wifi nvs cfg alloc out of memory
0x16EF0	0x3F416EF0	nvs invalid min %d max %d
0x16F0A	0x3F416F0A	invalid wifi nvs key index %d
0x16FA6	0x3F416FA6	setup rate: out of memory!
0x16FD6	0x3F416FD6	null wpa_parse_wpa_ie
0x16FEC	0x3F416FEC	null wpa_parse_wpa_ie
0x17002	0x3F417002	null wpa_parse_wpa_ie
0x17018	0x3F417018	SAE H2E disabled
0x17029	0x3F417029	wpa_config_parse_string is null
0x17057	0x3F417057	Mem alloc fail for SA Q req
0x17073	0x3F417073	Mem alloc fail for SA Q req
0x1708F	0x3F41708F	Set status to INIT
0x170A2	0x3F4170A2	Association comeback time (%d) mSec too long. max allowed 5000 mSec
0x170E6	0x3F4170E6	Association refused temporarily, comeback time %d mSec
0x17124	0x3F417124	invalid ac=%d
0x17132	0x3F417132	wpa michael mic failure cb empty
0x17168	0x3F417168	fail to alloc timer, type=%d
0x17185	0x3F417185	fail to post timer, type=%d
0x171A1	0x3F4171A1	timeout when WiFi un-init, type=%d
0x171C4	0x3F4171C4	timeout but fail to get lock, type=%d
0x171F1	0x3F4171F1	invalid channel info
0x17206	0x3F417206	invalid channel
0x17232	0x3F417232	cnx_bss_init: null bss
0x17250	0x3F417250	null wpa_sta_ap_set_rsnxe
0x1726A	0x3F41726A	sta_scan: STA not exist!
0x17283	0x3F417283	ht2040 coex frame alloc fail
0x172A7	0x3F4172A7	Failed to encrypt CCMP frame
0x172C4	0x3F4172C4	CCMP replay detected: A1=%02x:%02x:%02x:%02x:%02x:%02x A2=%02x:%02x:%02x:%02x:%02x:%02x PN=%llu, RSC=%llu seq=%u
0x17335	0x3F417335	CCMP mgmt frame from %02x:%02x:%02x:%02x:%02x:%02x used non-zero reserved bit
0x17383	0x3F417383	Expected CCMP frame from %02x:%02x:%02x:%02x:%02x:%02x did not have ExtIV bit set to 1
0x173DA	0x3F4173DA	ebuf_free: invalid type=%d
0x173F5	0x3F4173F5	esf_buf_alloc: invalid type=%d
0x17414	0x3F417414	esf_buf_alloc_dynamic: invalid type=%d
0x1743B	0x3F41743B	set vif: invalid index=%d
0x17559	0x3F417559	Error! Should enable WiFi modem sleep when both WiFi and Bluetooth are enabled!!!!!!
0x175B6	0x3F4175B6	create wifi task: failed to create task
0x175DE	0x3F4175DE	create wifi task: failed to create sem
0x17605	0x3F417605	create wifi task: failed to create queue
0x1762E	0x3F41762E	create wifi task: failed to create queue
0x17673	0x3F417673	invalid micahel mic failure cb
0x176A0	0x3F4176A0	wifi assert: %d
0x176B7	0x3F4176B7	update default trc: invalid ifx
0x176D7	0x3F4176D7	trc init fail, no mem
0x176ED	0x3F4176ED	rc_enable_trc fail, no mem
0x17712	0x3F417712	sched is null, if=%d tid=%d flags=%x
0x17741	0x3F417741	desc is null
0x17762	0x3F417762	rcGet11BHighestRateIdx: invalid max rate=%d
0x1778E	0x3F41778E	rcGet11GHighestRateIdx: invalid max rate=%d
0x177BA	0x3F4177BA	rcGet11NHighestRateIdx: invalid max rate=%d
0x177F0	0x3F4177F0	dirty buf %08x: %08x, %08x: %08x
0x1781C	0x3F41781C	Expected to init %d rx buffer, actual is %d
0x17848	0x3F417848	Failed to init rx desc space, buffer number=%d
0x17895	0x3F417895	promis buf: out of memory
